title,audience,poster_url,description,genre_id
변신,80356,https://movie-phinf.pstatic.net/20190821_179/1566364206702zsxW4_JPEG/movie_image.jpg?type=m665_443_2,“어제 밤에는 아빠가 두 명이었어요”사람의 모습으로 변신하는 악마가 우리 가족 안에 숨어들면서기이하고 섬뜩한 사건들이 벌어진다서로 의심하고 증오하고 분노하는 가운데구마 사제인 삼촌 '중수'가 예고없이 찾아오는데…절대 믿지도 듣지도 마라,2
항거:유관순 이야기,5624287,https://movie-phinf.pstatic.net/20190207_119/1549515732449nv5tM_JPEG/movie_image.jpg?type=m665_443_2,"1919년 3.1 만세운동 후 세평도 안 되는 서대문 감옥 8호실 속,영혼만은 누구보다 자유로웠던 유관순과 8호실 여성들의 1년의 이야기.",3
호텔 아르테미스,301220,https://movie-phinf.pstatic.net/20180719_126/1531964488288QP3K8_JPEG/movie_image.jpg?type=m665_443_2,"살인 금지, 무기 금지, 욕설 금지!엄격한 룰과 신뢰를 바탕으로 운영되는 범죄자 전용 병원 호텔 아르테미스. 무면허 의사 진 토마스는 섬세한 간호사 에베레스트와 함께 22년째 이곳을 운영 중이다.어느 날 총상을 입은 은행 강도와 베테랑 킬러, 진상 고객 무기상과 마피아 보스 '울프킹'과 그의 패거리까지 최악의 악당들이 이곳에 모여들면서모든 룰이 깨지고, 오픈 이래 가장 분주한 밤이 시작되는데…",8
썬키스 패밀리,7917,https://movie-phinf.pstatic.net/20190313_154/15524612817421mgYP_JPEG/movie_image.jpg?type=m665_443_2,"발칙하고 골때리고 뻔하지 않은 이 가족의 로맨스!온 세상에 울리는 사랑의 소리 ‘삐그덕 쿵’!Chapter1. 예상 밖의 삐그덕결혼 20년 차에도 식을 줄 모르는 사랑을 나누는 뜨거운 부부 준호(박희순)와 유미(진경), 그러나 이들의 두 자녀아들 철원(장성범)과 딸 경주(윤보라)는 성인이 되었지만 뜻밖의 신체적 문제로 사랑을 하는 것이 세상 어렵다.Chapter2. 삐그덕 쿵이 멈췄다!늦둥이 막내딸 진해(이고은)에게는 매일 밤 부모의 침실에서 들려오는 소리 ‘삐그덕 쿵’이 ‘가족의 행복전선 이상무’를 알리는 신호였다.그러던 어느 날, 옆집에 아빠의 친구라는 예쁜 아줌마 미희(황우슬혜)가 이사를 오고 엄마의 불 같은 오해(!)가 시작되는데. 그날 밤부터 ‘삐그덕 쿵’ 소리가 멈추고 가족의 행복발전소 가동이 멈췄다!매일 사랑하고 영원히 사랑하고 싶었던 ‘로맨틱 가족’에게 닥친 최대의 위기!가족의 행복을 찾기 위한 막내딸 진해의 대단한 작전이 시작된다!",1
변산,374699,https://movie-phinf.pstatic.net/20180611_288/1528681584312lhsSF_JPEG/movie_image.jpg?type=m665_443_2,"“꼬일 대로 꼬여버린 빡센(?) 인생, 더 꼬이기 시작했다!”발렛 파킹, 편의점 아르바이트로 빡센(?!) 청춘을 보내지만,쇼미더머니 6년 개근의 열정을 불태우는 무명 래퍼 학수 a.k.a 심뻑(박정민).또 다시 예선 탈락을 맞이한 인생 최악의 순간,한 통의 전화를 받고 잊고 싶었던 고향 변산으로 향한다.짝사랑 선미 (김고은)의 꼼수(?)에 제대로 낚여 고향에 강제로 소환된 학수.징글징글하게 들러 붙는 옛 친구들로 인해 지우고 싶었던 흑역사는 하나, 둘 떠오르고하루 빨리 고향을 뜨고 싶었던 학수는 예측 불허의 사건들을 겪으면서인생 최대 위기를 맞이하게 되는데…빡세지만 스웩 넘치고, 부끄럽지만 빛나는 청춘!징하게 들러붙는 흑역사 정면 돌파가 시작된다!",3
서스페리아,8151,https://movie-phinf.pstatic.net/20190417_110/1555462781236Tm1tq_JPEG/movie_image.jpg?type=m665_443_2,"""...빠져든다""마담 블랑의 무용 아카데미에 들어가기 위해 미국에서 베를린으로 찾아온 소녀 수지그리고 그 곳에서 겪는 기이하고 놀라운 경험",2
빌리어네어 보이즈클럽,28223,https://movie-phinf.pstatic.net/20190129_191/1548725802325FGHrp_JPEG/movie_image.jpg?type=m665_443_2,"“부자가 되고 싶다면, 당신의 돈을 맡겨라”비버리힐즈를 매혹시킨 두 청년이 온다!훈훈한 외모, 명석한 두뇌, 뛰어난 입담, 화려한 인맥까지...!마성의 매력으로 비버리힐즈 억만장자들을 매혹시킨 두 청년'조'(안셀 엘고트)와 '딘'(태런 에저튼)의 범죄 실화.",3
출국,34827,https://movie-phinf.pstatic.net/20190705_122/1562303442500WBpWJ_JPEG/movie_image.jpg?type=m665_443_2,태수는 얻어걸린 5억 계약 건으로 공항으로 기분 좋게 출발한다. 공항으로 가기 전에 전날 같이 술 먹은 친구 정섭이네 놓고 간 지갑을 받으러 정섭이를 만난다.[제23회 부천국제판타스틱영화제],3
범블비,786972,https://movie-phinf.pstatic.net/20181214_92/1544769316534ctOAO_JPEG/movie_image.jpg?type=m665_443_2,"진짜 이야기는 지금부터다! 아무도 몰랐던 이야기가 시작된다! 지속된 디셉티콘과의 전쟁에서 위기에 몰린 옵티머스 프라임은 중요한 임무를 가진 오토봇을 지구로 보낸다. 지구에 도착한 오토봇은 인간들에게 쫓기게 되고, 낡은 비틀로 변신해 폐차장에 은둔하던 중, 찰리라는 소녀에 의해 발견된다.비틀을 수리하던 찰리는 자신의 낡은 자동차가 거대한 로봇으로 변신하는 놀라운 광경을 목격하고, 모든 기억이 사라진 그에게 ‘범블비’라는 이름을 지어주며 서로에게 특별한 존재가 되어간다.  하지만, 범블비의 정체를 파헤치려는 인간들과 그가 가진 비밀을 쫓는 디셉티콘의 추격과 압박은 점점 더 심해지는데…",8
람보 : 라스트 워,3125189,https://movie-phinf.pstatic.net/20191023_178/1571810096863aleHE_JPEG/movie_image.jpg?type=m665_443_2,"36년간 수많은 전쟁터의 중심에서 치열하게 싸운 '존 람보'지옥 같은 전쟁 트라우마에서 벗어나평화로운 시간을 보내는 것도 잠시,딸처럼 여겼던 옆집 소녀가 멕시코 카르텔에게 납치된다.뼛속 깊이 각인되어 있던 그의 본능이 다시 깨어난다!‘람보’는 자신의 전투 본능과 살인 무기를 총동원해자비 없이 적들을 처단하기 시작하는데...살아있는 액션 마스터 '람보'의 귀환그의 마지막 전쟁이 시작된다!",8
메가로돈,5347868,https://movie-phinf.pstatic.net/20180710_245/1531211626893q4iLG_JPEG/movie_image.jpg?type=m665_443_2,"모든 것을 먹어 치운다!국제 해저 관측 프로그램으로 일환으로 심해를 탐사 중인 해저 탐험대는 정체 모를 거대 생물에게 공격을 당한다.긴급 투입된 심해 구조 전문가 조나스(제이슨 스타뎀)는 그것이 200만년 전 멸종된 것으로 알려진 ‘메가로돈’임을 주장한다.아무도 믿으려 하지 않지만, 조나스는 역사상 가장 위대하고 가장 거대한 포식자와 두 번째로 마주하는 것인데…",8
바울,874123,https://movie-phinf.pstatic.net/20181126_296/1543195305541TXc6u_JPEG/movie_image.jpg?type=m665_443_2,"성경 역사상 가장 뜨거운 마지막 여정이 시작된다!그리스도가 부활한 지 약 30년 후인 AD 67년,로마제국의 황제 ‘네로’는 자신의 광기로 일어난 대화재의 원인으로신흥종교인 기독교에 책임을 돌린다.짐승들의 먹이가 되거나 불태워지며 극심한 박해를 받는 크리스천들.그리고 그들의 리더인 ‘바울’은 ‘네로’의 명령에 의해감옥에 갇혀 사형될 날만을 기다리고 있다.이러한 상황 속에서 바울의 동역자인 ‘누가’는 죽음의 문턱, 두려움 속에 점점 희망을 잃어가는 크리스천들에게‘바울’의 일생과 그가 얻은 지혜를 사도행전으로 기록하여 전하고자깊은 감옥 속으로 숨어드는데….",3
사바하,2974900,https://movie-phinf.pstatic.net/20190128_284/1548637887932Dwfkj_JPEG/movie_image.jpg?type=m665_443_2,"사람들은 말했다그때, 그냥, 그것이 죽었어야 한다고…한 시골 마을에서 쌍둥이 자매가 태어난다. 온전치 못한 다리로 태어난 ‘금화’(이재인)와 모두가 오래 살지 못할 것이라고 했던 언니 ‘그것’. 하지만 그들은 올해로 16살이 되었다. 신흥 종교 비리를 찾아내는 종교문제연구소 ‘박목사’(이정재)는  사슴동산이라는 새로운 종교 단체를 조사 중이다. 영월 터널에서 여중생이 사체로 발견되는 사건이 발생하고 이를 쫓던 경찰과 우연히 사슴동산에서 마주친 박목사는 이번 건이 심상치 않음을 직감한다. 하지만 진실이 밝혀지기 전 터널 사건의 용의자는 자살하고, 그가 죽기 전 마지막으로 만난 실체를 알 수 없는 정비공 ‘나한’(박정민)과 16년 전 태어난 쌍둥이 동생 금화의 존재까지 사슴동산에 대해 파고들수록 박목사는 점점 더 많은 미스터리와 마주하게 되는데…!그것이 태어나고 모든 사건이 시작되었다",5
국가부도의 날,723167,https://movie-phinf.pstatic.net/20181105_232/1541392865465aVb5V_JPEG/movie_image.jpg?type=m665_443_2,"모든 투자자들은 한국을 떠나라. 지금 당장1997년, 대한민국 최고의 경제 호황을 믿어 의심치 않았던 그때, 곧 엄청난 경제 위기가 닥칠 것을 예견한 한국은행 통화정책팀장 ‘한시현’(김혜수)은 이 사실을 보고하고, 정부는 뒤늦게 국가부도 사태를 막기 위한 비공개 대책팀을 꾸린다.   한편, 곳곳에서 감지되는 위기의 시그널을 포착하고 과감히 사표를 던진 금융맨 ‘윤정학’(유아인)은 국가부도의 위기에 투자하는 역베팅을 결심, 투자자들을 모으기 시작한다. 이런 상황을 알 리 없는 작은 공장의 사장이자 평범한 가장 ‘갑수’(허준호)는 대형 백화점과의 어음 거래 계약서에 도장을 찍고 소박한 행복을 꿈꾼다.   국가부도까지 남은 시간 단 일주일. 대책팀 내부에서 위기대응 방식을 두고 시현과 ‘재정국 차관’(조우진)이 강하게 대립하는 가운데, 시현의 반대에도 불구하고 ‘IMF 총재’(뱅상 카셀)가 협상을 위해 비밀리에 입국하는데…   위기를 막으려는 사람과 위기에 베팅하는 사람, 그리고 회사와 가족을 지키려는 평범한 사람, 1997년, 서로 다른 선택을 했던 사람들의 이야기가 시작된다!",3
해피 데스데이 2 유,349203,https://movie-phinf.pstatic.net/20190121_116/1548033223659mzXL5_JPEG/movie_image.jpg?type=m665_443_2,“죽을 때까지 놀아준다고 했잖아”절대 끝나지 않는 생일에 또다시 갇혀버린 트리와 더 강력하게 돌아온 베이비의 끝내주는 호러테이닝 무비,2
명당,79368,https://movie-phinf.pstatic.net/20180920_268/1537425274130wtXzB_JPEG/movie_image.jpg?type=m665_443_2,"명당이란, 운명을 바꿀 수 있는 땅의 기운이다!땅의 기운을 점쳐 인간의 운명을 바꿀 수 있는 천재지관 박재상(조승우)은명당을 이용해 나라를 지배하려는 장동 김씨 가문의 계획을 막다 가족을 잃게 된다.13년 후, 복수를 꿈꾸는 박재상 앞에 세상을 뒤집고 싶은 몰락한 왕족 흥선(지성)이 나타나함께 장동 김씨 세력을 몰아낼 것을 제안한다.뜻을 함께하여 김좌근 부자에게 접근한 박재상과 흥선은두 명의 왕이 나올 천하명당의 존재를 알게 되고, 서로 다른 뜻을 품게 되는데…",6
요로나의 저주,952944,https://movie-phinf.pstatic.net/20190403_179/1554273944526iPln5_JPEG/movie_image.jpg?type=m665_443_2,"들리니, 밤마다 우는 ‘요로나’의 울음소리?1973년, 애나는 남편 없이 두 아이와 살고 있다. 사회복지사인 애나가 담당하던 한 여인의 아이들이 불의의 사고로 목숨을 잃자, 그녀는 이것이 ‘요로나’의 짓이라면서 애나에게도 똑같은 저주가 내릴 것이라 예언한다. 어느 날부터인가 울음소리가 들려오고 의문의 존재가 아이들을 위협하는데...   전 세계가 벌벌 떤 최강 물귀신, 요로나의 울음소리가 들리면 절대 벗어날 수 없다!",2
어벤져스: 엔드게임,6550996,https://movie-phinf.pstatic.net/20190417_250/1555465284425i6WQE_JPEG/movie_image.jpg?type=m665_443_2,인피니티 워 이후 절반만 살아남은 지구마지막 희망이 된 어벤져스먼저 떠난 그들을 위해 모든 것을 걸었다!위대한 어벤져스운명을 바꿀 최후의 전쟁이 펼쳐진다!,8
유열의 음악앨범,205521,https://movie-phinf.pstatic.net/20190806_57/1565060277522KjSpd_JPEG/movie_image.jpg?type=m665_443_2,"""오늘 기적이 일어났어요.""1994년 가수 유열이 라디오 DJ를 처음 진행하던 날,엄마가 남겨준 빵집에서 일하던 미수(김고은)는 우연히 찾아 온 현우(정해인)를 만나 설레는 감정을 느끼게 되지만 뜻하지 않은 사건으로 인해 연락이 끊기게 된다.""그때, 나는 네가 돌아오지 않을 거라고 생각했어. 그래도 기다렸는데…""다시 기적처럼 마주친 두 사람은 설렘과 애틋함 사이에서 마음을 키워 가지만 서로의 상황과 시간은 자꾸 어긋나기만 한다.계속되는 엇갈림 속에서도 라디오 ‘유열의 음악앨범’과 함께 우연과 필연을 반복하는 두 사람… 함께 듣던 라디오처럼 그들은 서로의 주파수를 맞출 수 있을까?",4
0.0MHz,2415,https://movie-phinf.pstatic.net/20190517_285/15580610094800liOI_JPEG/movie_image.jpg?type=m665_443_2,"에디슨의 마지막 발명품, 유령 탐지기?“증명할 수 없는 미스터리란 없다”가지 말라는 곳에 가야 하는 이유가 있다세상에 일어나는 초자연 미스터리를 분석하는 동아리 0.0MHz 멤버들이 귀신을 부르는 주파수를 증명하기 위해 우하리의 한 흉가를 찾은 후 기이한 현상이 멈추지 않는데…",2
양말요정 휴고의 대모험,2203965,https://movie-phinf.pstatic.net/20180808_224/1533694013623gCSn8_JPEG/movie_image.jpg?type=m665_443_2,"엄마! 내 양말 어디 갔어~?사라지는 양말 한 짝의 비밀이 밝혀진다!오직 한 짝의 양말만을 인간과 나누며 살아가는 양말요정들의 세계귀요미 양말요정 휴고는 삼촌의 혹독한 훈련을 통해 용감한 양말요정으로 거듭난다 어느 날, 양말 두 짝을 모두 가져가는 욕심 많은 악당에게 휴고의 사촌이 납치되고설상가상 양말요정들의 비밀을 파헤치는 괴짜 레네 박사까지 그들을 쫓게 되는데…과연, 휴고는 혼란스러워진 세상에 평화를 되찾아 올 수 있을까?",9
샤잠!,746775,https://movie-phinf.pstatic.net/20190322_198/1553220632606va06v_JPEG/movie_image.jpg?type=m665_443_2,"모든 히어로의 능력이 하나로 모였다!솔로몬의 지혜, 헤라클레스의 힘, 아틀라스의 체력, 제우스의 권능, 아킬레스의 용기, 머큐리의 스피드까지우연히 슈퍼 파워를 얻게 된 소년. 자신의 능력을 깨닫고 악당을 물리치는 슈퍼히어로로 다시 태어난다!주문을 외쳐라, ‘샤잠’!",8
나랏말싸미,2628187,https://movie-phinf.pstatic.net/20190722_100/1563762337429ztWu1_JPEG/movie_image.jpg?type=m665_443_2,"“이깟 문자, 주상 죽고 나면 시체와 함께 묻어버리면 그만이지”문자와 지식을 권력으로 독점했던 시대모든 신하들의 반대에 무릅쓰고, 훈민정음을 창제했던 세종의 마지막 8년.나라의 가장 고귀한 임금 ‘세종’과 가장 천한 신분 스님 ‘신미’가 만나백성을 위해 뜻을 모아 나라의 글자를 만들기 시작한다.모두가 알고 있지만 아무도 모르는 한글 창제의 숨겨진 이야기!1443, 불굴의 신념으로 한글을 만들었으나역사에 기록되지 못한 그들의 이야기가 시작된다.",6
바이스,50967,https://movie-phinf.pstatic.net/20191111_131/1573461302765OzhWL_JPEG/movie_image.jpg?type=m665_443_2,None,3
82년생 김지영,5272,https://movie-phinf.pstatic.net/20191024_215/1571900079078PNazL_JPEG/movie_image.jpg?type=m665_443_2,"1982년 봄에 태어나누군가의 딸이자 아내, 동료이자 엄마로2019년 오늘을 살아가는 ‘지영’(정유미).때론 어딘가 갇힌 듯 답답하기도 하지만남편 ‘대현’(공유)과 사랑스러운 딸,그리고 자주 만나지 못해도 항상 든든한 가족들이 ‘지영’에겐 큰 힘이다.하지만 언젠가부터 마치 다른 사람이 된 것처럼 말하는 ‘지영’.‘대현’은 아내가 상처 입을까 두려워 그 사실을 털어놓지 못하고‘지영’은 이런 ‘대현’에게 언제나 “괜찮다”라며 웃어 보이기만 하는데…모두가 알지만 아무도 몰랐던당신과 나의 이야기",3
체실 비치에서,72049,https://movie-phinf.pstatic.net/20180829_226/1535517713476et42J_JPEG/movie_image.jpg?type=m665_443_2,이제 막 결혼식을 올리고 신혼여행지인 ‘체실 비치’에 도착한 플로렌스와 에드워드.서로를 행복하게 해주겠다고 약속했지만 아직 서툴렀기에가장 행복해야 할 순간에 상처만 남긴 채 헤어지고 만다. 그리고 서로가 알지 못했던 사랑의 비밀이 오랜 기다림 끝에 밝혀지는데…,3
PMC: 더 벙커,120445,https://movie-phinf.pstatic.net/20181205_284/1543974277191S4IrC_JPEG/movie_image.jpg?type=m665_443_2,"“전쟁도 비즈니스다”글로벌 군사기업 PMC, 미션 스타트!글로벌 군사기업(PMC) 블랙리저드의 캡틴 에이헵(하정우)은미국 CIA의 의뢰로 거액의 프로젝트를 맡게 된다.그러나 작전장소인 DMZ 지하 30M 비밀벙커에는 약속된 타깃이 아닌 뜻밖의 인물, 북한 ‘킹’이 나타난다.아시아 최고의 현상금이 걸린 킹, 그를 잡기 위해 캡틴 에이헵은 작전을 변경하고,12인의 크루들과 함께 킹을 납치하는 데 성공한다.하지만 또 다른 군사기업(PMC)의 기습과 미국 CIA의 폭격으로 함정에 빠져버린 에이헵과 블랙리저드팀.결국 무너져버린 지하 비밀 벙커 안 부상을 입은 에이헵은인질로 잡혀 있던 북한 최고의 엘리트 닥터 윤지의에게 도움을 요청하는데…현 시각부로 작전 변경!생존을 위한 리얼타임 액션이 시작된다!",8
알리타: 배틀 엔젤,717497,https://movie-phinf.pstatic.net/20190128_22/1548638810964Go9Wy_JPEG/movie_image.jpg?type=m665_443_2,"인간의 두뇌를 가진 기계 소녀그녀는 인간인가? 기계인가? 진짜 나를 깨워라!모두가 갈망하는 공중도시와 그들을 위해 존재하는 고철도시로 나누어진 26세기.고철 더미 속 모든 기억을 잃은 채 깨어난 알리타는 마음 따뜻한 의사 이도의 보살핌으로 새로운 삶을 시작한다. 이도는 사이보그인 알리타에게 특별한 과거의 비밀과 영혼이 존재한다는 사실을 깨닫고미스터리한 과거로부터 그녀를 지키고자 한다. 한편, 새로운 친구 휴고는 알리타가 위험한 고철도시를 헤쳐나갈 수 있는 방법과 함께 기억을 되찾도록 돕는다.알리타가 자신의 과거에 다가 갈수록 도시를 지배하는 악랄한 세력들이 그녀를 노리며 제거하려고 하고   자신이 착취와 약탈의 고철도시를 구할 수 있는 열쇠임을 깨닫게 된 알리타는사랑하는 가족과 친구, 새로운 세상을 위해 통제된 세상의 무시무시한 적들과 맞서게 되는데…",8
파이브 피트,2859798,https://movie-phinf.pstatic.net/20190405_72/155444000594589QMA_JPEG/movie_image.jpg?type=m665_443_2,"접근 금지허그 금지키스 금지이 로맨스 성공할 수 있을까?같은 병을 가진 사람끼리 6피트 이하 접근해서도, 접촉도 해선 안되는CF(낭포성 섬유증)를 가진 ‘스텔라’와 ‘윌’첫눈에 반한 두 사람은 서로를 위해 안전거리를 유지하려고 하지만 그럴수록 더욱 빠져든다.손을 잡을 수도 키스를 할 수도 없는 그들은병 때문에 지켜야 했던 6피트에서 1피트 더 가까워지는 걸 선택하고처음으로 용기를 내 병원 밖 데이트를 결심한다.그러나 갑자기 숨을 쉬지 못하는 ‘스텔라’.‘윌’은 그녀를 살리기 위해 안전거리를 어기게 되는데…",3
내안의 그놈,998774,https://movie-phinf.pstatic.net/20181204_172/1543891228332kV3d1_JPEG/movie_image.jpg?type=m665_443_2,"나 너니? 너 나니??제대로 바뀐 아재와 고딩, 웃음 대환장 파티!엘리트 아재 판수(박성웅)를 우연히 옥상에서 떨어진 고등학생 동현(진영)이 덮치면서 제대로 바뀐다. 게다가 판수는 동현의 몸으로 첫사랑 미선(라미란)과 존재도 몰랐던 딸 현정(이수민)을 만나게 되는데… 대유잼의 향연, 넌 이미 웃고 있다!",10
벌새,1889722,https://movie-phinf.pstatic.net/20190805_121/1564969695835Iq9Qc_JPEG/movie_image.jpg?type=m665_443_2,"나는 이 세계가 궁금했다1994년, 알 수 없는 거대한 세계와 마주한 14살 ‘은희’의아주- 보편적이고 가장- 찬란한 기억의 이야기",3
글래스,2704,https://movie-phinf.pstatic.net/20191021_243/1571647387532bKI6e_JPEG/movie_image.jpg?type=m665_443_2,White Album 발매 50주년을 기념하기 위한 「글래스 어니언」은 리처드 해밀턴의 상징적인 콜라주에 새 생명을 불어넣는 화려하고 다양한 애니메이션 테크닉을 보여준다.[제 21회 부천국제애니메이션페스티벌],3
애나벨 집으로,785663,https://movie-phinf.pstatic.net/20190613_283/1560393273235OGHFz_JPEG/movie_image.jpg?type=m665_443_2,"“애나벨이 그 집의 모든 악령을 깨웠다”퇴마사 워렌 부부는 저주 받은 인형 애나벨을 발견하고집에 있는 오컬트 뮤지엄 진열장에 격리시킨다.또 다른 초자연적인 현상을 연구하기 위해 워렌 부부가 떠난 사이,집에 남아있던 10살 딸 주디와 베이비시터는‘절대 들어가지 말라’는 경고를 어기고 마는데…탈출한 애나벨은 모든 악령들을 깨우고,잊을 수 없는 공포의 밤을 준비한다.",2
헬보이,10511,https://movie-phinf.pstatic.net/20190307_30/1551923668549VgA1X_JPEG/movie_image.jpg?type=m665_443_2,"'헬보이' 자신이 소속된 B.P.R.D의 임무로영국의 한 비밀 단체의 괴수 사냥을 도우러 갔지만 되려 공격을 당하고,곧 영국에서 어마어마한 일이 벌어지고 있다는 것을 알게 된다.서기 517년, 아서왕에게 패하고 몸이 6조각으로 나뉘어 봉인된 '블러드 퀸'을 다시 부활시켜인류를 파멸시키려는 초자연적 빌런들에 의해 영국은 물론 전 세계가 위험에 빠지게 된다.헬보이는 이들에 맞서 인류를 위험으로부터 구해야만 하는데…* B.P.R.D(Bureau of Paranormal Research &amp; Defense): 초자연 현상 연구 방위국",8
오션스8,535840,https://movie-phinf.pstatic.net/20180523_198/1527043468389JEplc_JPEG/movie_image.jpg?type=m665_443_2,"1천 5백억원의 다이아몬드 목걸이를 훔쳐라!과연 목표가 그것뿐일까?전 애인의 배신으로 5년간 감옥에서 썩은 ‘데비 오션’(산드라 블록)은 가석방되자마자 믿음직한 동료 ‘루’(케이트 블란쳇)와 함께 새로운 작전을 계획한다. 그들의 목표는 바로, 뉴욕 메트로폴리탄 박물관에서 열리는 미국 최대 패션 행사인 메트 갈라에 참석하는 톱스타 ‘다프네’(앤 해서웨이)의 목에 걸린 1천 5백억 원의 다이아몬드 목걸이를 훔치는 것! 디자이너부터 보석전문가, 소매치기와 해커까지, 전격 결성된 각 분야 전문가들이 마침내 실행에 나서는데…기가 막힌 작전, 그 뒤에 또 다른 목적화끈하게 훔치고 시원하게 갚는다!",8
그린 북,19605,https://movie-phinf.pstatic.net/20190115_228/1547528180168jgEP7_JPEG/movie_image.jpg?type=m665_443_2,"언제 어디서든 바른 생활! 완벽한 천재 뮤지션 ‘돈 셜리’원칙보다 반칙! 다혈질 운전사 ‘토니’취향도, 성격도 완벽히 다른 두 남자의 특별한 우정이 시작된다!1962년 미국, 입담과 주먹만 믿고 살아가던 토니 발레롱가(비고 모텐슨)는 교양과 우아함 그 자체인천재 피아니스트 돈 셜리(마허샬라 알리) 박사의 운전기사 면접을 보게 된다.백악관에도 초청되는 등 미국 전역에서 콘서트 요청을 받으며 명성을 떨치고 있는 돈 셜리는위험하기로 소문난 미국 남부 투어 공연을 떠나기로 결심하고,투어 기간 동안 자신의 보디가드 겸 운전기사로 토니를 고용한다.거친 인생을 살아온 토니 발레롱가와 교양과 기품을 지키며 살아온 돈 셜리 박사.생각, 행동, 말투, 취향까지 달라도 너무 다른 두 사람은그들을 위한 여행안내서 ‘그린북’에 의존해 특별한 남부 투어를 시작하는데…",3
크게 될 놈,16310,https://movie-phinf.pstatic.net/20190325_23/15534772166529TroP_JPEG/movie_image.jpg?type=m665_443_2,"세상에서 가장 멀고도 가까운 엄니와 아들꾹꾹 눌러쓴 진심, 희망이 되다!전라도 어느 섬마을, 기강과 기순 남매의 엄니 ‘순옥’(김해숙)깡다구 하나는 알아주는 순옥의 사고뭉치 아들 ‘기강’(손호준)“엄니, 두고 보소. 내가 어떤 놈이 돼서 돌아오는지”집을 나간 기강은 무모한 성공만을 꿈꾸다,결국 범죄자로 전락해 사형을 선고 받게 된다.정부는 엄정한 법집행을 이유로 사형집행을 발표하고,언제 죽을지 모른다는 불안과 공포로 자포자기한 기강에게평생 까막눈으로 살아온 엄니의 생애 첫 편지가 도착하는데……“세상이 아무리 욕해도… 나는 너를 사랑한다. 난 니 엄니께”",3
상류사회,690556,https://movie-phinf.pstatic.net/20180730_55/1532927800050iSgEs_JPEG/movie_image.jpg?type=m665_443_2,"“왜, 재벌들만 겁 없이 사는 줄 알았어?”학생들에게 인기와 존경을 동시에 받는 경제학 교수 ‘태준’(박해일)은 우연한 기회를 통해 촉망받는 정치 신인으로 국회의원 선거에 출마하게 된다.한편 그의 아내이자 미래미술관의 부관장 ‘수연’(수애)은 재개관전을 통해 관장 자리에 오르려 한다.그러나 ‘수연’의 미술품 거래와 ‘태준’의 선거 출마 뒤에 미래그룹과 민국당의 어두운 거래가 있었다는 것이 밝혀지고 두 사람은 완벽한 상류사회 입성을 눈앞에 두고 위기에 처한다.이 기회를 절대 놓칠 수 없는 ‘태준’과 ‘수연’ 부부는 민국당과 미래그룹에게 새로운 거래를 제안하게 되는데...가장 아름답지만 가장 추악한 곳, 그곳으로 들어간다!",3
노팅 힐,45474,https://movie-phinf.pstatic.net/20190325_31/1553488426511DoXdd_JPEG/movie_image.jpg?type=m665_443_2,"SHE 그저 여자일 뿐이에요 사랑받길 원하는난 노팅 힐에 당신은 비벌리 힐스에 살죠 HE세계적인 스타이자 지구상에서 가장 아름다운 여자 ‘애나 스콧’런던의 노팅 힐에서 여행 전문 서점을 운영하는 남자 ‘윌리엄 태커’아주 평범한 사랑을 기다리는 그녀와 너무 특별한 사랑이 두려운 그의 꿈 같은 로맨스가 다시, 시작된다! 여기 노팅 힐에서…",4
모털 엔진,191192,https://movie-phinf.pstatic.net/20181121_20/1542781963353ydkIF_JPEG/movie_image.jpg?type=m665_443_2,"움직이는 모든 것을 집어삼키려는 거대도시 ‘런던’탐욕스러운 거대도시 런던으로부터 세상을 지키려는 ‘저항 세력’숨겨진 공중도시 ‘에어 헤이븐’60분 전쟁으로 지구가 멸망한 황폐해진 미래, 인류의 생존이 걸린 움직이는 도시들의 전쟁끝내고 싶다면 모든 것을 삼켜야 한다",8
허스토리,441821,https://movie-phinf.pstatic.net/20180618_223/1529289387860nUBT1_JPEG/movie_image.jpg?type=m665_443_2,"""이겨야죠! 이겨야 할매들 분이 안풀리겠습니까?""1992~1998 6년의 기간, 23번의 재판, 10명의 원고단, 13명의 변호인!시모노세키와 부산을 오가며 일본 재판부에 당당하게 맞선 할머니들과 그들을 위해 함께 싸웠던 사람들의 뜨거운 이야기가 시작된다!",3
마일22,223302,https://movie-phinf.pstatic.net/20180817_11/1534489372871R699y_JPEG/movie_image.jpg?type=m665_443_2,"목숨을 건 이송작전,1마일마다 적을 뚫고 타겟을 운반하라!군사, 외교의 사각지대에서 임무를 수행하는 실패율 제로의 비밀조직 ‘오버워치’.그들에게 전 세계 6개 주요 도시의 테러를 막을 수 있는 유일한 정보를 지닌 ‘타겟’이 접근한다.22마일 떨어진 안전한 장소로 ‘타겟’을 이동시키는 새로운 작전이 시작되고, 타겟을 노리는 적들의거센 공격이 가해지자 오버워치 팀원들은 작전 성공을 위해자신들의 목숨을 바꿔가며 1마일씩 이송작전을 수행한다.적을 뚫고 목적지에 가까워질수록 궁지에 몰리게 된 오버워치 앞에타겟의 숨겨진 미션이 드러나게 되면서 또 다른 위기를 맞게 되는데…",8
말모이,5189,https://movie-phinf.pstatic.net/20181227_80/1545901137289EGbWK_JPEG/movie_image.jpg?type=m665_443_2,"까막눈 판수, 우리말에 눈뜨다! vs 조선어학회 대표 정환, ‘우리’의 소중함에 눈뜨다!1940년대 우리말이 점점 사라져가고 있는 경성.극장에서 해고된 후 아들 학비 때문에 가방을 훔치다 실패한 판수.하필 면접 보러 간 조선어학회 대표가 가방 주인 정환이다.사전 만드는데 전과자에다 까막눈이라니!그러나 판수를 반기는 회원들에 밀려 정환은 읽고 쓰기를 떼는 조건으로 그를 받아들인다.돈도 아닌 말을 대체 왜 모으나 싶었던 판수는 난생처음 글을 읽으며 우리말의 소중함에 눈뜨고,정환 또한 전국의 말을 모으는 ‘말모이’에 힘을 보태는 판수를 통해 ‘우리’의 소중함에 눈뜬다.얼마 남지 않은 시간, 바짝 조여오는 일제의 감시를 피해 ‘말모이’를 끝내야 하는데…우리말이 금지된 시대, 말과 마음이 모여 사전이 되다",3
킨: 더 비기닝,423779,https://movie-phinf.pstatic.net/20181002_84/1538455279244wFLWz_JPEG/movie_image.jpg?type=m665_443_2,새로운 차원에게 선택 받은 소년슈퍼건을 발견하면서 시작된 가족들의 모험우연히 다른 차원의 무기인 슈퍼건을 얻게 된 소년은 갓 출소한 형 때문에 두 세계로부터 추적을 당하며 엄청난 사건에 휘말리게 되는데…,5
창궐,13303,https://movie-phinf.pstatic.net/20181001_87/15383614506431bq1D_JPEG/movie_image.jpg?type=m665_443_2,"야귀떼가 온 세상을 집어삼켰다!밤에만 활동하는 산 자도 죽은 자도 아닌 ‘야귀(夜鬼)‘가 창궐한 세상,위기의 조선으로 돌아온 왕자 ‘이청’(현빈)은도처에 창궐한 야귀떼에 맞서 싸우는 최고의 무관 ‘박종사관’(조우진)일행을 만나게 되고,야귀떼를 소탕하는 그들과 의도치 않게 함께하게 된다.한편, 조선을 집어삼키려는 절대악 ‘김자준’(장동건)은 이 세상을 뒤엎기 위한마지막 계획을 감행하는데…조선필생 VS 조선필망세상을 구하려는 자와 멸망시키려는 자!오늘 밤, 세상에 없던 혈투가 시작된다!",6
그랜드 부다페스트 호텔,16186,https://movie-phinf.pstatic.net/20180927_158/1538023433590U7S2w_JPEG/movie_image.jpg?type=m665_443_2,"세계 최고 부호 마담 D.의 피살사건!전 세계를 매료시킨 황홀한 이야기가 다시 시작된다!1927년 세계대전이 한창이던 어느 날, 세계 최고의 부호 마담 D.가 의문의 살인을 당한다.유력한 용의자로 지목된 사람은 바로 전설적인 호텔 지배인이자 그녀의 연인 ‘구스타브’!구스타브는 누명을 벗기 위해 충실한 로비보이 ‘제로’에게 도움을 청하고,그 사이 구스타브에게 남겨진 마담 D.의 유산을 노리던 그녀의 아들 ‘드미트리’는 무자비한 킬러를 고용해 [그랜드 부다페스트 호텔]을 찾게 되는데…",5
콜드 체이싱,62563,https://movie-phinf.pstatic.net/20190225_25/1551056804750UglaU_JPEG/movie_image.jpg?type=m665_443_2,"평범한 제설차 운전수이자 올해의 모범시민 ‘넬스 콕스맨’. 법 없이도 살 수 있던 그는 마약 조직의 사이코패스 보스 ‘바이킹’이 꾸며낸 아들의 처참한 죽음 앞에서 분노의 심판자로 다시 태어난다.‘스피도’, ‘림보’, ‘산타’ 등 마피아들을 연달아 처단하며 그들의 소굴에 한 걸음 가까워질수록  ‘넬스’의 분노는 죽음도 대신할 수 없는 깊은 복수심으로 소용돌이 치는데…  당한 만큼 갚아주는 냉혈한 복수가 시작된다!",8
라스트 미션,269057,https://movie-phinf.pstatic.net/20190211_224/1549866975787EcmzO_JPEG/movie_image.jpg?type=m665_443_2,90세 거장이 연기하는 87세 마약 운반원의 실화그 인생의 처음이자 마지막…평생 가족에게 잘못만 저질렀던 가장의 후회자신의 잘못을 되돌리기 위한 마지막 선택새로운 인생이 그를 기다리는데…,3
더 킹: 헨리 5세,62140,https://movie-phinf.pstatic.net/20191016_245/15711911283788LM49_JPEG/movie_image.jpg?type=m665_443_2,자유롭게 살아가던 왕자 할이 왕좌에 올라 전쟁으로 혼란에 빠진 영국의 운명을 짊어지며 위대한 왕으로 변모해가는 과정을 그린 영화,3
스파이더맨: 파 프롬 홈,215752,https://movie-phinf.pstatic.net/20190527_181/1558933159657a210P_JPEG/movie_image.jpg?type=m665_443_2,"모든 것이 다시 시작된다!‘엔드게임’ 이후 변화된 세상,스파이더맨 ‘피터 파커’는 학교 친구들과 유럽 여행을 떠나게 된다.그런 그의 앞에 ‘닉 퓨리’가 등장해 도움을 요청하고정체불명의 조력자 ‘미스테리오’까지 합류하게 되면서전 세계를 위협하는 새로운 빌런 ‘엘리멘탈 크리쳐스’와 맞서야만 하는 상황에 놓이게 되는데…",8
맨 인 블랙: 인터내셔널,2274220,https://movie-phinf.pstatic.net/20190607_19/1559868537841RhggT_JPEG/movie_image.jpg?type=m665_443_2,이제부터 새로운 시작이야!R U READY?자신의 모습을 감추고 오랜 시간 지구를 위협해 온 외계인을 감시하는 MIB본부.MIB 본부에도 변화가 요구되면서 신입요원 에이전트 M(테사 톰슨)이 영입되고MIB 에이스 요원 에이전트 H(크리스 헴스워스)가 듀오로 결성 된다!그들에겐 MIB 내부의 스파이를 찾아야 하는 전대미문의 미션이 주어지는데…,8
미션 임파서블: 폴아웃,12337,https://movie-phinf.pstatic.net/20180523_234/1527043720337JCQAP_JPEG/movie_image.jpg?type=m665_443_2,"도난당한 핵무기를 되찾아 오는 위험천만한 작전 중, 에단 헌트(톰 크루즈)는 임무를 포기하고, 팀원의 목숨을 구하는 선택을 한다.이제, 핵무기는 문명을 무너뜨리려는 사악한 테러조직의 손에 넘어갔다.세계를 멸망시킬 핵 재앙을 막기 위해 세계 최강 스파이기관, IMF의 에단 헌트와 정예 요원들(사이먼 페크, 빙 라메스, 레베카 퍼거슨)은 숙명의 라이벌, 중앙정보국 CIA의 상급 요원(헨리 카빌)과 불편한 동맹을 맺어야만 한다.이보다 더 불가능한 미션은 없었다!역대 최대 규모, 최강 액션을 기대하라!",8
사일런스,1583781,https://movie-phinf.pstatic.net/20190626_98/1561512216216By1DR_JPEG/movie_image.jpg?type=m665_443_2,"“이것은 시작에 관한 이야기다”갑자기 알 수 없는 존재가 세상의 모든 소리를 집어 삼키고, 소리 내는 모든 인류는 공격을 당한다.청력을 잃은 소녀와 가족들만이 소리 없이 대화할 수 있는 그들만의 방법으로 살아남아 마지막 사투를 벌이게 되는데…공포가 들리는 순간, 거대한 재앙이 시작된다.",2
어린 의뢰인,247091,https://movie-phinf.pstatic.net/20190515_46/1557882912961juo5g_JPEG/movie_image.jpg?type=m665_443_2,“제가 동생을 죽였어요”당신에게 찾아온 뜨거운 질문!“당신은 이 아이를 외면하시겠습니까?”인생 최대 목표는 오직 성공뿐인 변호사 ‘정엽’주변에 무관심한 그에게 ‘다빈’과 ‘민준’ 남매가 자꾸 귀찮게 얽힌다.오랫동안 기다렸던 대형 로펌 합격 소식을 듣게 된 ‘정엽’은 믿을 수 없는 사실을 알게 된다.10살 소녀 ‘다빈’이 7살 남동생을 죽였다는 충격적인 자백뒤늦게 미안함을 느낀 ‘정엽’은 자신의 모든 것을 걸고‘다빈’의 엄마 ‘지숙’에게 숨겨진 진실을 밝히려고 하는데…,3
뷰티풀 보이,5247848,https://movie-phinf.pstatic.net/20190828_201/1566959373242epwtM_JPEG/movie_image.jpg?type=m665_443_2,"내 삶의 빛, 나의 모든 것나의 아름다운 소년아, 눈부신 그때로 돌아와줘“아름다운 소년이 있었어. 불행히도 소년은 끔찍한 병에 걸렸어” 열렬한 독서가이자 재능 있는 예술가, 운동을 좋아하는 모범생 닉. 12살 때 손을 댄 약물에 어느새 중독자가 되었다“다행히도 아직 이야기는 끝나지 않았어” 아들의 중독이 자기 때문이 아닐까 자책하던 데이비드. 눈물 흘리며 포기하는 대신, 세상의 전부이자 모든 것인 닉의 손을 끝까지 붙잡는데…",3
생일,444191,https://movie-phinf.pstatic.net/20190820_199/1566282262201oqHbL_JPEG/movie_image.jpg?type=m665_443_2,"밤이 짧고 달이 둥근 여름이 오고 꼬마 회색 늑대의 생일도 다가온다. 꼬마 늑대는 생일 파티에 빠질 수 없는 촛불이 꽂힌 크림 케이크를 꿈꾸지만 숲에서 케이크를 찾기란 하늘의 별 따기. 하지만 숲의 친구들은 뛰어난 상상력과 사랑으로 늑대가 원하는 케이크를 준비한다. 꼬마 늑대에겐 축하를, 그의 친구들에겐 환호를![제5회 서울국제음식영화제]",3
빅 위시,594658,https://movie-phinf.pstatic.net/20190930_67/1569825622789YKzVs_JPEG/movie_image.jpg?type=m665_443_2,"그리운 가족을 찾아 떠나는내 생에 가장 환상적인 모험이 시작된다!일년에 딱 한번,산 사람들이 그리운 사람을 만날 수 있는 ‘죽은자의 날’부모님을 찾고 싶은 ‘코코’도 제단을 만들지만왜인지 할머니는 ‘코코’가 부모님을 찾지 못하게 한다. 할머니를 이해할 수 없는 ‘코코’는 부모님을 찾기 위해금지 된 ‘비밀의 성’으로 모험을 떠나고,그 곳에서 부모님의 비밀을 알고 있는 사악한 교수 ‘몰레트’를 만나는데…놀랍고 신비로운 모험이 기다리고 있는 죽은자들의 세상!과연 ‘코코’는 그리운 부모님을 만날 수 있을까?",10
앤트맨과 와스프,1694380,https://movie-phinf.pstatic.net/20180530_170/1527645793223uhWgz_JPEG/movie_image.jpg?type=m665_443_2,“이제 믿을 건 자네 둘 뿐이야”사이즈부터 다른 마블의 히든카드가 온다‘시빌 워’ 사건 이후 은둔하며 히어로와 가장의 역할 사이에서 고민 중이던 ‘앤트맨’과 새로운 파트너 ‘와스프’ 앞에 정체불명의 빌런 ‘고스트’가 등장한다. 시공간의 개념이 사라진 양자 영역으로 들어갈 수 있는 기술을 훔쳐 달아난 고스트를 쫓던 앤트맨과 와스프는 상상도 못했던 상황에 직면하는데…,8
미드나잇 선,321192,https://movie-phinf.pstatic.net/20180529_190/15275599752664JquA_JPEG/movie_image.jpg?type=m665_443_2,"사랑을 꿈꿨던 낮, 사랑이 이뤄진 밤 어두운 밤에도 네가 나의 태양이었어XP(색소성건피증)라는 희귀병으로 태양을 피해야만 하는 케이티.오직 밤에만 외출이 허락된 그녀에게는 어머니가 남겨준 기타와창문 너머로 10년째 짝사랑해온 ‘찰리’가 세상의 빛이다.어느 날 작은 기차역에서 한밤의 버스킹을 하던 ‘케이티’의 앞에 ‘찰리’가 나타나고,두 사람은 매일 밤마다 모두가 부러워하는 완벽한 데이트를 이어간다.처음으로 함께 여행을 떠난 날,꿈 같은 시간을 보내던 ‘케이티’는 그만 지켜야만 하는 규칙을 어기게 되고결국 피할 수 없는 선택을 해야만 하는데…너에게 하고 싶은 진짜 사랑 고백태양이 뜬 뒤에도 내 곁에 있어줄래?",4
어드리프트:우리가 함께한 바다,470402,https://movie-phinf.pstatic.net/20180903_82/1535950798822Wn1rG_JPEG/movie_image.jpg?type=m665_443_2,"환상적인 섬 타히티에서 운명처럼 사랑에 빠진 바다를 닮은 자유로운 여자 ‘태미’와 바다를 사랑하는 섬세한 남자 ‘리처드’는 함께 요트를 타고 6,500km의 긴 항해를 시작한다. 바다 위에서 인생 최고의 행복한 시간을 만끽하던 연인은 남태평양 한가운데에서 예상치 못한 사상 최악의 허리케인을 만나게 되는데… 사랑은 우리를 버리지 않는다.",4
닥터 슬립,1367111,https://movie-phinf.pstatic.net/20191014_28/1571020269174F3yvC_JPEG/movie_image.jpg?type=m665_443_2,"가장 어두운 악을 깨우는 가장 빛나는 능력샤이닝을 먹어라 vs 그들을 막아라어린시절 아버지가 남긴 트라우마에서 벗어나지 못한 대니는 자신이 가진 샤이닝 능력으로 죽음을 앞둔 이들을 돕는 닥터 슬립으로 불리며 살고 있다. 우연히 누구보다 강력한 샤이닝 능력을 지닌 12살 소녀 아브라 스톤을 만나게 되면서, 샤이닝 능력자들을 먹고 영원한 생명을 이어나가는 트루 낫이라는 비밀조직과 맞서게 되는데…",7
크레이지 리치 아시안,1651672,https://movie-phinf.pstatic.net/20181022_21/1540184572635B2gfj_JPEG/movie_image.jpg?type=m665_443_2,"수준에 맞게 결혼할 것!부자들에겐 그들만의 룰이 존재한다뉴요커 레이첼은 남자친구 닉의 절친 결혼식이 열리는 싱가포르로 향한다. 처음으로 아시아를 방문한다는 설렘도 잠시, 닉의 가족을 만난다는 사실이 걱정이다. 그런데 알고 보니 닉이 싱가포르에서 가장 부유한 집안의 아들이자 모두가 선망하는 결혼 후보 1순위 신랑감이었던 것. 레이첼은 사교계 명사들의 질투와 더불어 본인을 영 탐탁지 않아하는 닉의 어머니의 타겟이 되는데… 남친의 재력을 알게 된 순간, 시월드의 문이 활짝 열렸다!",4
곰돌이 푸 다시 만나 행복해,4270,https://movie-phinf.pstatic.net/20181004_77/1538637074180yh287_JPEG/movie_image.jpg?type=m665_443_2,"“어른이 된 나인생의 쉼표가 필요한 순간, 찾아온 나의 친구들다시 만나 행복해”어른이 된 나 로빈(이완 맥그리거)은 가족도 일도 모두 완벽해 보이지만, 한편 지쳐가는 일상 속에 서있다.어느 날, 눈 앞에 가장 행복한 시간을 함께했던 비밀 친구 ‘곰돌이 푸와 일행’들이 다시 찾아오게 되고 뜻하지 않게 놀라운 모험 속에 빠져들게 되는데…",9
사자,1533521,https://movie-phinf.pstatic.net/20190625_168/1561426986010A3uBi_JPEG/movie_image.jpg?type=m665_443_2,"어릴 적 아버지를 잃은 뒤 세상에 대한 불신만 남은 격투기 챔피언 ‘용후’(박서준). 어느 날 원인을 알 수 없는 깊은 상처가 손바닥에 생긴 것을 발견하고,도움을 줄 누군가가 있다는 장소로 향한다.그곳에서 바티칸에서 온 구마사제 ‘안신부’(안성기)를 만나  자신의 상처 난 손에 특별한 힘이 있음을 깨닫게 되는 ‘용후’. 이를 통해 세상을 혼란에 빠뜨리는 악(惡)의 존재를 알게 되고,강력한 배후이자 악을 퍼뜨리는 검은 주교 ‘지신’(우도환)을 찾아 나선 ‘안신부’와 함께 하게 되는데...!악의 편에 설 것인가 악에 맞설 것인가 신의 사자가 온다!",5
너의 결혼식,4738521,https://movie-phinf.pstatic.net/20180730_82/15329286640280Wu1t_JPEG/movie_image.jpg?type=m665_443_2,"기억하나요? 당신의 첫사랑고3 여름, 전학생 ‘승희’(박보영)를 보고 첫눈에 반한 ‘우연’(김영광).승희를 졸졸 쫓아다닌 끝에 마침내 공식커플로 거듭나려던 그때!잘 지내라는 전화 한 통만 남긴 채 승희는 사라져버리고,우연의 첫사랑은 그렇게 막을 내리는 듯했다.1년 뒤, 승희의 흔적을 쫓아 끈질긴 노력으로 같은 대학에 합격한 우연.그런데 그의 앞을 가로막은 건… 다름 아닌 그녀의 남.자.친.구!예술로 빗나가는 타이밍 속다사다난한 그들의 첫사랑 연대기는 계속된다!",4
윤희에게,38579,https://movie-phinf.pstatic.net/20191114_81/15737104663784PTG6_JPEG/movie_image.jpg?type=m665_443_2,"다시 날 가슴 뛰게 만든 그 말""윤희에게, 잘 지내니?""평범한 일상을 살아가던 '윤희' 앞으로 도착한 한 통의 편지.편지를 몰래 읽어본 딸 '새봄'은 편지의 내용을 숨긴 채발신인이 살고 있는 곳으로 여행을 제안하고,'윤희'는 비밀스러웠던 첫사랑의 기억으로 가슴이 뛴다.'새봄'과 함께 여행을 떠난 ‘윤희’는끝없이 눈이 내리는 그곳에서첫사랑을 만날지도 모른다는 기대를 품는데…",4
동네사람들,152647,https://movie-phinf.pstatic.net/20181109_35/15417456367899cdGU_JPEG/movie_image.jpg?type=m665_443_2,"여고생이 사라졌지만 너무나 평온한 시골의 한적한 마을, 기간제 교사로 새로 부임 온 외지 출신 체육교사 ‘기철(마동석)’은 동네 분위기가 심상치 않음을 감지한다. 실종된 여고생의 유일한 친구 '유진(김새론)'만이 친구가 납치된 거라 확신하여 사건을 쫓고, 의도치 않게 ‘유진’과 함께 사라진 소녀를 찾기 위해 나선 ‘기철’은 누군가에 의해 그녀의 흔적들이 사라지고 있다는 사실을 알게 되는데...모두가 침묵하는 사라진 소녀, 하지만 누군가는 반드시 그녀를 찾아야만 한다",8
애프터,9893558,https://movie-phinf.pstatic.net/20190722_82/1563757210874ln6LL_JPEG/movie_image.jpg?type=m665_443_2,"첫 끌림대학 입학 후 첫 파티에 초대 받게 된 신입생 ‘테사’는진실게임을 하던 중 키스 벌칙에 걸리고 만다.상대는 학교에서 유명한 반항아 ‘하딘’.키스를 앞둔 0.1초 전, 모두가 주목하는 그 순간‘테사’는 ‘하딘’의 입술을 거절하고 만다.첫 사랑강렬했던 첫 만남 이후, 마치 새로운 세상을 발견한 듯한번도 경험한 적 없던 감정에 눈을 뜨게 된 두 사람.‘하딘’은 자신의 비밀 장소로 ‘테사’를 초대하고이제 두 사람은 서로를 모르기 전으로 절대 되돌아 갈 수 없음을 알게 되는데…첫 경험 그리고 ;애프터;",3
신비한 동물들과 그린델왈드의 범죄,1665215,https://movie-phinf.pstatic.net/20181029_21/1540774701820gU85o_JPEG/movie_image.jpg?type=m665_443_2,"마법 세계의 운명을 건 대결이 시작된다!‘뉴트 스캐맨더’(에디 레드메인)의 활약으로 강력한 어둠의 마법사 ‘겔러트 그린델왈드’(조니 뎁)가 미합중국 마법부 MACUSA에 붙잡히지만, 이내 장담했던 대로 탈출해 추종자를 모으기 시작한다. 순혈 마법사의 세력을 모아 마법을 사용하지 않는 사람들을 지배하려는 그린델왈드의 야욕을 막기 위해 ‘알버스 덤블도어’(주드 로)는 제자였던 뉴트에게 도움을 요청한다. 마법사 사회는 점점 더 분열되어 가는 가운데, 앞날의 위험을 알지 못한 채 뉴트는 이를 승낙하는데…",10
이스케이프 룸,1783605,https://movie-phinf.pstatic.net/20190308_234/1552035128139wsiTd_JPEG/movie_image.jpg?type=m665_443_2,"오감 공포를 자극하는 6개 죽음의 방출구 없는 방탈출 게임이 시작된다!거액의 상금이 걸린 방탈출 게임에 초대된 6명의 사람들.성별, 연령, 출신도 모두 다른 이들은 오직 초대장만을 가지고세계 최고의 방탈출 게임 회사 ‘미노스’에 모인다.하지만 초대자는 나타나지 않고, 예고도 없이 시작되는 게임.불태워 죽일 듯이 순식간에 방안의 온도가 상승하고6명의 참가자는 탈출하기 위해 단서를 찾기 시작한다.죽음의 공포 속에서 아슬아슬하게 다음 방으로 넘어간 참가자들은오븐 룸, 아이스 룸, 업사이드다운 룸, 포이즌 룸, 일루전 룸, 크러쉬 룸을 거치며이것이 평범한 게임이 아니란 걸 알게 되는데…",8
미드소마,3454,https://movie-phinf.pstatic.net/20190830_183/1567127397617dYghD_JPEG/movie_image.jpg?type=m665_443_2,"당신의 감각을 마비시킬 공포!축제가 끝나기 전까진 빠져나올 수 없다90년에 한 번, 9일 동안 열리는 미드소마에 초대된 6명의 친구들선택된 자만이 즐길 수 있는 충격과 공포의 축제가 다시 시작된다",2
스윙키즈,2832733,https://movie-phinf.pstatic.net/20181123_36/1542956277015JmOTd_JPEG/movie_image.jpg?type=m665_443_2,"“여기서 댄스단 하나 만들어 보는 거 어때? 포로들로”1951년 한국전쟁, 최대 규모의 거제 포로수용소.새로 부임해 온 소장은 수용소의 대외적 이미지 메이킹을 위해 전쟁 포로들로 댄스단을 결성하는 프로젝트를 계획한다.수용소 내 최고 트러블메이커 ‘로기수’(도경수),무려 4개 국어가 가능한 무허가 통역사 ‘양판래’(박혜수),잃어버린 아내를 찾기 위해 유명해져야 하는 사랑꾼 ‘강병삼’(오정세),반전 댄스실력 갖춘 영양실조 춤꾼 ‘샤오팡’(김민호),그리고 이들의 리더, 전직 브로드웨이 탭댄서 ‘잭슨’(자레드 그라임스)까지우여곡절 끝에 한 자리에 모인 그들의 이름은 ‘스윙키즈’!각기 다른 사연을 갖고 춤을 추게 된 그들에게 첫 데뷔 무대가 다가오지만, 국적, 언어, 이념, 춤 실력, 모든 것이 다른 오합지졸 댄스단의 앞날은 캄캄하기만 한데…!",3
보헤미안 랩소디,319291,https://movie-phinf.pstatic.net/20181213_264/1544692854634ss65r_JPEG/movie_image.jpg?type=m665_443_2,"“나는 스타가 되지 않을 것이다, 전설이 될 것이다”공항에서 수하물 노동자로 일하며 음악의 꿈을 키우던 이민자 출신의 아웃사이더 ‘파록버사라’보컬을 구하던 로컬 밴드에 들어가게 되면서 ‘프레디 머큐리’라는 이름으로 밴드 ‘퀸’을 이끌게 된다. 시대를 앞서가는 독창적인 음악과 화려한 퍼포먼스로 관중들을 사로잡으며 성장하던 ‘퀸’은 라디오와 방송에서 외면을 받을 것이라는 음반사의 반대에도 불구하고 무려 6분 동안 이어지는 실험적인 곡 ‘보헤미안 랩소디’로 대성공을 거두며 월드스타 반열에 오른다.그러나 독보적인 존재감을 뿜어내던 ‘프레디 머큐리’는 솔로 데뷔라는 유혹에 흔들리게 되고결국 오랜 시간 함께 해왔던 멤버들과 결별을 선언하게 되는데…세상에서 소외된 아웃사이더에서 전설의 록밴드 ‘퀸’이 되기까지,우리가 몰랐던 그들의 진짜 이야기가 시작된다!",3
어스,31213,https://movie-phinf.pstatic.net/20190329_232/1553849027701K0DBy_JPEG/movie_image.jpg?type=m665_443_2,"우리는 누구인가?엄마, 아빠, 딸, 아들그리고 다시엄마, 아빠, 딸, 아들…",2
가장 보통의 연애,448827,https://movie-phinf.pstatic.net/20190911_29/1568167420523xeKY5_JPEG/movie_image.jpg?type=m665_443_2,"전 여친에 상처받은 ‘재훈’(김래원). 여느 때처럼 숙취로 시작한 아침, 모르는 번호의 누군가와 밤새 2시간이나 통화한 기록을 발견하게 되고  그 상대가 바로! 통성명한 지 24시간도 채 되지 않은 직장 동료 ‘선영’임을 알게 된다. 남친과 뒤끝 있는 이별 중인 ‘선영’(공효진). 새로운 회사로 출근한 첫날, 할 말 못 할 말 쏟아내며 남친과 헤어지던 현장에서하필이면! 같은 직장의 ‘재훈’을 마주친다.만난 지 하루 만에 일보다 서로의 연애사를 더 잘 알게 된 두 사람. 하지만 미묘한 긴장과 어색함도 잠시 ‘한심하다’, ‘어이없다’ 부딪히면서도 마음이 쓰이는 건 왜 그럴까?",4
거미줄에 걸린 소녀,1807687,https://movie-phinf.pstatic.net/20181121_34/1542780774766HVkku_JPEG/movie_image.jpg?type=m665_443_2,"용문신을 한 천재 해커 VS 국제 해커 범죄 조직거대한 디지털 전쟁이 시작된다!일명 ‘악의 심판자’라 불리는 비밀스런 천재 해커 ‘리스베트’는 한 의뢰인으로부터 위험한 제안을 받는다. 하지만 임무를 수행하던 중 괴한들의 습격을 받게 되고, 의뢰인 마저 살해 당한다.이번 일이 전 세계를 위협하는 해커 범죄 조직 ‘스파이더스’와 연관되어 있음을 알게 된 리스베트는 사건의 진실과 스파이더스의 정체를 파헤칠수록 더 큰 위협에 처하게 되고,설상가상 사건의 핵심 정보와 중요한 단서를 쥔 인물까지 빼앗기게 되는데...악의 심판자 리스베트, 그녀의 추적이 시작된다.",8
철벽선생,28146,https://movie-phinf.pstatic.net/20190228_283/155134405390874Svp_JPEG/movie_image.jpg?type=m665_443_2,"얼굴 천재 엘리트, 난공불락 철벽남 ‘히로미츠’.그에게 첫눈에 반한 열여섯 소녀 ‘사마룬’은 그를 무장해제 시키기 위해 진격을 시작한다.  “거절은 거절한다!”  포기를 모르는 연애열정 만수르 ‘사마룬’의 거부할수록 빠져드는 무근본 하이텐션 로코맨스!",4
고질라: 킹 오브 몬스터,172795,https://movie-phinf.pstatic.net/20190522_101/1558513130586yABHk_JPEG/movie_image.jpg?type=m665_443_2,"인간들을 구하라 vs 인간들을 죽여라주파수로 초거대 괴수들을 조종한다!고질라의 샌프란시스코 공격으로 인해 아들을 잃은 상처로 엠마와 마크, 딸 매디슨 가족은 슬픔 속에 살고 있다.미지의 생물을 연구하는 모나크 소속 과학자인 엠마는또 다른 공격에 대비해 거대 괴수와 소통하는 주파수를 발견한다.그러나 괴수들을 조종해 지구를 초토화 시키려는 테러 세력에게 딸 매디슨과 납치되고,주파수로 모스라, 로단, 기도라 등 고대 괴수들이 하나 둘 깨어난다.역대급 재난 상황에서 인류의 생존 자체조차 불투명해지고,여기에 강력한 고질라의 등장으로 괴수들의 대결은 새로운 국면을 맞이한다.또 다시 최악의 위기를 맞은 가족들은 어떻게든 함께 위험을 헤쳐나가야만 하는데...",8
광대들: 풍문조작단,363246,https://movie-phinf.pstatic.net/20190723_30/1563861332950L3kzW_JPEG/movie_image.jpg?type=m665_443_2,"세조 실록에 기록된 40여건의 기이한 현상,그 뒤에는 바로 광대들이 있었다?!조선 팔도를 무대로 풍문을 조작하고 민심을 뒤흔드는 광대패 5인방.어느 날 조선 최고의 권력자 ‘한명회’로부터 조카를 죽이고 왕이 된 ‘세조’의 미담을 만들어내라는 명을 받는다. 광대패의 리더 ‘덕호’와 무리들은 목숨을 걸고 지금껏 듣지도 보지도 못한 놀라운 판을 짜기 시작하는데…그들이 뜨는 순간, 역사가 뒤바뀐다!",6
해리포터와 마법사의 돌,33223,https://movie-phinf.pstatic.net/20181019_236/1539926790655oHv5z_JPEG/movie_image.jpg?type=m665_443_2,"해리 포터(다니엘 래드클리프 분)는 위압적인 버논 숙부(리챠드 그리피스 분)와 냉담한 이모 페투니아 (피오나 쇼 분), 욕심 많고 버릇없는 사촌 더즐리(해리 멜링 분) 밑에서 갖은 구박을 견디며 계단 밑 벽장에서 생활한다. 이모네 식구들 역시 해리와의 동거가 불편하기는 마찬가지. 이모 페투니아에겐 해리가 이상한(?) 언니 부부에 관한 기억을 떠올리게 만드는 달갑지 않은 존재다. 11살 생일이 며칠 앞으로 다가왔지만 한번도 생일파티를 치르거나 제대로 된 생일선물을 받아 본 적이 없는 해리로서는 특별히 신날 것도 기대 할 것도 없다. 11살 생일을 며칠 앞둔 어느 날 해리에게 초록색 잉크로 쓰여진 한 통의 편지가 배달된다. 그 편지의 내용은 다름 아닌 해리의 11살 생일을 맞이하여 전설적인“호그와트 마법학교”에서 보낸 입학초대장이었다. 그리고 해리의 생일을 축하하러 온 거인 해그리드는 해리가 모르고 있었던 해리의 진정한 정체를 알려주는데. 그것은 바로 해리가 굉장한 능력을 지닌 마법사라는 것! 해리는 해그리드의 지시대로 자신을 구박하던 이모네 집을 주저없이 떠나 호그와트행을 택한다. 런던의 킹스크로스 역에 있는 비밀의 9와 3/4 승장장에서 호그와트 특급열차를 탄 해리는 열차 안에서 같은 호그와트 마법학교 입학생인 헤르미온느 그레인저(엠마 왓슨 분)와 론 위즐리 (루퍼트 그린트 분)를 만나 친구가 된다. 이들과 함께 호그와트에 입학한 해리는, 놀라운 모험의 세계를 경험하며 갖가지 신기한 마법들을 배워 나간다. 또한 빗자루를 타고 공중을 날아다니며 경기하는 스릴 만점의 퀴디치 게임에서 스타로 탄생하게 되며, 용, 머리가 셋 달린 개, 유니콘, 켄타우루스, 히포그리프(말 몸에 독수리 머리와 날개를 가진 괴물)등 신비한 동물들과 마주치며 모험을 즐긴다. 그러던 어느 날 해리는 호그와트 지하실에 `영원한 생을 가져다주는 마법사의 돌'이 비밀리에 보관되어 있다는 것을 알게되고, 해리의 부모님을 죽인 볼드모트가 그 돌을 노린다는 사실도 알게 된다. 볼드모트는 바로 해리를 죽이려다 실패하고 이마에 번개모양의 흉터를 남긴 장본인이다. 해리는 볼드모트로부터 마법의 돌과 호그와트 마법학교를 지키기 위해 필사의 노력을 하는데...",1
쓰리 세컨즈,1806426,https://movie-phinf.pstatic.net/20181102_29/1541149842278ra4mx_JPEG/movie_image.jpg?type=m665_443_2,None,3
언니,32974,https://movie-phinf.pstatic.net/20190716_168/1563244541368WPqV0_JPEG/movie_image.jpg?type=m665_443_2,유학을 마치고 돌아온 의연은 남친 우진과 함께 언니 희수의 펜션을 방문한다. 그러나 휴식을 취하기도 전에 의연은 회사의 급한 호출로 출장을 떠난다. 그 사이 우진은 희수를 유혹하고 홀로 외로이 살았던 희수는 어쩔 수 없이 그와 치명적인 사랑을 나누게 된다. 출장에서 돌아온 의연은 둘 사이에 수상한 낌새를 눈치챈다. 도덕심과 사랑 사이에서 괴로워하는 희수를 더 힘들게 하는 건 노골적으로 다가오는 우진이다.그는 의연을 버릴 작정까지 하며 희수에게 사랑을 갈구한다. 과연 이들의 결말은 어디로 치달을 것인가.,8
알라딘,1464741,https://movie-phinf.pstatic.net/20190524_104/1558663170174Q2mmw_JPEG/movie_image.jpg?type=m665_443_2,"머나먼 사막 속 신비의 아그라바 왕국의 시대.좀도둑 ‘알라딘’은 마법사 ‘자파’의 의뢰로 마법 램프를 찾아 나섰다가주인에게 세 가지 소원을 들어주는 지니를 만나게 되고,자스민 공주의 마음을 얻으려다 생각도 못했던 모험에 휘말리게 되는데…",9
업그레이드,36841,https://movie-phinf.pstatic.net/20180831_90/1535692010916AVOpv_JPEG/movie_image.jpg?type=m665_443_2,"하루 아침에 모든 것을 잃고 전신마비가 된 그레이.인간의 모든 능력을 업그레이드하는 최첨단 두뇌 ‘스템’을 장착하고이제, 아내를 죽인 자들을 직접 처단하기 위한 그의 통제 불능 액션이 시작 되는데…",8
속닥속닥,206681,https://movie-phinf.pstatic.net/20180629_212/1530238766406QjNNY_JPEG/movie_image.jpg?type=m665_443_2,"섬뜩한 소문의 귀신의 집, 그곳의 문이 열린다!수능을 끝낸 6명의 고등학생,섬뜩한 소문이 있는 귀신의 집을 우연히 발견하게 된다.그곳에서 죽음의 속삭임과 함께 친구들이 한 명씩 사라지고멈출 수 없는 극한의 공포가 그들을 덮치는데...",2
해피 투게더,73250,https://movie-phinf.pstatic.net/20181116_119/1542355085445eqNwH_JPEG/movie_image.jpg?type=m665_443_2,"“이번 생에서 난 주인공이 아닌가 봐”사랑하는 아들 ‘하늘이’를 위해 천직이라 믿었던 음악의 꿈을 포기한 순둥이 싱글대디 ‘강석진’.일명 ‘땜빵’ 무대에 서기 위해 찾아간 나이트클럽에서 화려한 반짝이 의상을 빼입은 ‘박영걸’을 만나다!  “관객 마음 사로잡아 본 적 있어요? 스파크 빡 때려본 적 있냐고” 밤무대 인기스타. 하지만 남들 몰래 바람잡이 관객 알바를 고용하는 생계형 색소포니스트 ‘박영걸’. 우연히 만난 꿈쟁이 ‘강석진’에게 훈수를 두지만, 얼마 후 상상도 못했던 곳에서 그와 그의 아들과 재회하며 인생 제대로 꼬이다! “난 아빠가 색소폰 부는 모습이 제일 멋있단 말이야!” ‘석진’의 영원한 제1호 팬이자 사랑스러운 아들 ‘하늘’. 가난 속에서도 늘 밝지만 색소폰 앞에서는 누구보다 진지한 음악신동. 시원하게 뽑아내는 선율로 우연히 재회한 ‘영걸’을 사로잡다! 이번 생은 엑스트라지만, 그래도 오늘 밤만은 우리 모두가 주인공!  인생 무대에 오르고 싶은 이들의 유쾌하고 찬란한 반격이 시작된다!",3
더 룸,5090,https://movie-phinf.pstatic.net/20190904_1/1567563551810o0zkq_JPEG/movie_image.jpg?type=m665_443_2,"말하는 대로 원하는 대로 다 들어주는 ‘비밀의 방’이 있다.돈, 다이아몬드, 최고급 샴페인, 반 고흐 걸작…원한다면 아기까지도.원하는 것은 뭐든 들어준다. 단, 소원은 신중하게 빌 것!그리고 규칙을 반드시 지킬 것!",5
가버나움,2492625,https://movie-phinf.pstatic.net/20190109_149/1546998123676c6LjJ_JPEG/movie_image.jpg?type=m665_443_2,"나를 세상에 태어나게 한 ""부모님을 고소하고 싶어요...""-출생기록조차 없이 살아온 어쩌면 12살 소년 '자인'으로부터",3
우상,16215858,https://movie-phinf.pstatic.net/20190306_44/1551851285506NYfPC_JPEG/movie_image.jpg?type=m665_443_2,"아들의 사고로 정치 인생 최악의 위기를 맞게 된 남자   청렴한 도덕성으로 시민들의 뜨거운 지지를 받으며 차기 도지사로 주목받고 있는 도의원 구명회(한석규), 어느 날 아들이 교통사고를 내고 이를 은폐한 사실을 알게 된다. 신망받는 자신의 정치 인생이 무엇보다 중요했던 그는 아들을 자수시킨다.   목숨 같은 아들이 죽고 진실을 쫓는 아버지   오직 아들만이 세상의 전부인 유중식(설경구)은 지체 장애 아들 부남을 위해서라면 못할 것이 없다. 자신의 모든 것인 아들이 갑자기 교통사고를 당해 싸늘한 시체로 돌아오자 절망에 빠진다.  사고 당일 아들의 행적을 이해할 수 없고, 함께 있다 자취를 감춘 며느리 최련화(천우희)를 찾기 위해 경찰에 도움을 청하지만 그의 말을 들어주는 사람은 없다. 아들의 죽음 너머에 드리운 비밀을 밝히기 위해 중식은 홀로 사고를 파헤치기 시작한다.   사건 당일 비밀을 거머쥔 채 사라진 여자   한편 그날 밤 사고의 진실을 유일하게 알고 있는 최련화, 부남과 함께 있다 연기처럼 사라져버린 그녀에게는 아무도 알지 못하는, 알아서도 안 될 진실이 숨겨져 있는데…   그날의 사고로 모든 것은 시작되었다!",7
배심원들,3553,https://ssl.pstatic.net/static/m/movie/icons/OG_270_270.png,밤늦게 귀가하는 여성을 강간했다는 죄목으로 기소된 어느 막노동자에 대한 재판. 최종 변론이 끝난 후 7명의 배심원들이 피고인의 유무죄를 놓고 각자의 편견을 드러내며 토론을 벌인다. 제6회 속초국제장애인영화제 대상 (2019)제2회 제주혼듸독립영화제 배우 고서희 연기상 (2019),3
장난스런 키스,7295,https://movie-phinf.pstatic.net/20190305_257/1551749723722A0Gw5_JPEG/movie_image.jpg?type=m665_443_2,내가 좋아하는 사람이 날 좋아할 확률은 얼마나 될까?♥A반 남신 ‘장즈수’와처음 본 순간 KISS한 F반 ‘위안샹친’!수학처럼 안 풀려도 절대 포기할 수 없는확률 0% 멀고도 용감한 짝사랑 일대기,4
물괴,480562,https://movie-phinf.pstatic.net/20180904_28/1536022878766FfKOq_JPEG/movie_image.jpg?type=m665_443_2,"“인왕산에 흉악한 짐승이 나타나 사람을 해쳤다 하옵니다그것을 두고 듣지도 보지도 못한 짐승이라 하여 사물 물(物), 괴이할 괴(怪), 물괴라 부른다 하옵니다.”중종 22년, 거대한 물괴가 나타나 백성들을 공격하기 시작한다.물괴와 마주친 백성들은 그 자리에서 잔인하게 죽임을 당하거나살아남아도 역병에 걸려 끔찍한 고통 속에 결국 죽게 되고, 한양은 삽시간에 공포에 휩싸인다.모든 것이 자신을 몰아세우는 영의정과 관료들의 계략이라 여긴 중종은옛 내금위장 윤겸을 궁으로 불러들여 수색대를 조직한다.윤겸과 오랜 세월을 함께한 성한과 외동딸 명, 그리고 왕이 보낸 허선전관이 그와 함께 한다.물괴를 쫓던 윤겸과 수색대는 곧 실로 믿을 수 없는 거대한 비밀을 마주하게 되는데…",8
스타 이즈 본,57230,https://movie-phinf.pstatic.net/20180912_118/1536714294340kLm2Y_JPEG/movie_image.jpg?type=m665_443_2,"나도 몰랐던 내 안의 빛을 찾아낸 그대우리 모습 이대로 영원히 기억할 거야…노래에 놀라운 재능을 가졌지만 외모에는 자신이 없는 무명가수 앨리(레이디 가가)는공연을 하던 바에서 우연히 톱스타 잭슨 메인(브래들리 쿠퍼)을 만나게 된다.자신의 모든 것을 사랑해주는 잭슨의 도움으로 앨리는 자기 안의 열정을 폭발시키며 최고의 스타로 거듭나지만,잭슨은 어린 시절의 상처와 예술가적 고뇌 속에서 점점 무너져가는데…",3
베놈,41171,https://ssl.pstatic.net/static/m/movie/icons/OG_270_270.png,None,8
여중생A,26313,https://movie-phinf.pstatic.net/20180524_39/1527137544241WO6aW_JPEG/movie_image.jpg?type=m665_443_2,"현실도 게임 같으면 얼마나 좋을까? 평범한 여중생 A가 되고 싶은 미래의 현실적응기!취미는 게임, 특기는 글쓰기인 여중생 ‘미래’가 가장 좋아하는 곳은 게임 세계 ‘원더링 월드’.괴물 같은 아빠도 없고, 외로운 학교도 가지 않아도 되는 그 곳에서미래는 자신만의 세상을 꿈꾸며 살아간다.그러다 난생 처음으로 현실친구를 사귀기 위해 '태양'과 '백합'에게 다가가려 조금씩 용기를 내어 보지만,뜻하지 않은 사건으로 인해 상처 받고 더욱 움츠러 들고 만다. 게다가 유일한 세상이었던 ‘원더링 월드’마저 서비스를 중단한다는 소식이 전해지고, 다시 혼자가 된 미래는 랜선친구 ‘재희’를 만나러 가는데…새로운 세상을 만나버린 ‘미래’의 앞날은 과연 어떻게 될까?",3
신과함께-인과 연,230090,https://movie-phinf.pstatic.net/20180703_65/15305852198817R6a1_JPEG/movie_image.jpg?type=m665_443_2,"천 년 동안 48명의 망자를 환생시킨 저승 삼차사, 한 명만 더 환생시키면 그들도 새로운 삶을 얻을 수 있다.하지만 강림(하정우)은 원귀였던 수홍(김동욱)을 자신들의 마지막 귀인으로 정하는 이해할 수 없는 선택을 한다.저승법 상 원귀는 소멸되어야 마땅하나 염라대왕(이정재)은 저승 삼차사에게 새로운 조건을 내걸며 강림의 제안을 수락한다.염라의 조건은 성주신(마동석)이 버티고 있어 저승 차사들이 가는 족족 실패하는 허춘삼 노인을 수홍의 재판이 끝나기 전까지 저승으로 데려오는 것. 허춘삼을 데리러 이승으로 내려간 해원맥(주지훈)과 덕춘(김향기), 하지만 성주신의 막강한 힘 앞에 속수무책으로 당하기만 하던 중 우연히 그가 천 년 전 과거에 해원맥과 덕춘을 저승으로 데려간 저승 차사였다는 사실을 알게 된다.스스로도 기억 못 하는 과거에 대한 호기심으로 해원맥과 덕춘은 성주신과 거래를 시작하는데…이승과 저승, 현재와 과거를 오가는 천 년의 비밀이 밝혀진다!",10
파이널 포트레이트,25911,https://movie-phinf.pstatic.net/20180910_182/1536570458701azIhS_JPEG/movie_image.jpg?type=m665_443_2,"“초상화를 완성하는 건 불가능해. 단지 그리려고 노력할 뿐” 1964년 파리, 천재 조각가이자 화가인 ‘알베르토 자코메티’는 그의 오랜 친구이자 작가인 ‘제임스 로드’에게 모델이 되어 달라고 부탁한다.완벽함을 추구하는 자코메티로 인해 드로잉은 수정을 반복하고 제임스는 고국으로 가는 비행기 스케줄을 변경하며 끈기 있게 작업을 도와준다.그의 인내심이 바닥날 무렵, 자코메티는 진행 중인 드로잉을 보여주는데…",3
라이온 킹,578185,https://movie-phinf.pstatic.net/20190718_5/156341294592540aB6_JPEG/movie_image.jpg?type=m665_443_2,"새로운 세상, 너의 시대가 올 것이다!어린 사자 ‘심바’는 프라이드 랜드의 왕인 아버지 ‘무파사’를야심과 욕망이 가득한 삼촌 ‘스카’의 음모로 잃고 왕국에서도 쫓겨난다.기억해라! 네가 누군지.아버지의 죽음에 대한 죄책감에 시달리던 ‘심바’는의욕 충만한 친구들 ‘품바’와 ‘티몬’의 도움으로 희망을 되찾는다. 어느 날 우연히 옛 친구 ‘날라’를 만난 ‘심바’는 과거를 마주할 용기를 얻고, 진정한 자신의 모습을 찾아 위대하고도 험난한 도전을 떠나게 되는데…",9
커런트 워,9162,https://movie-phinf.pstatic.net/20190726_271/1564103583891DUheV_JPEG/movie_image.jpg?type=m665_443_2,세기의 발명인가? 희대의 전쟁인가?쇼맨십의 천재 ‘에디슨’과 상상력의 천재 ‘테슬라’그리고 협상의 천재 ‘인설’과 비즈니스의 천재 ‘웨스팅하우스’까지.4 명의 천재 3 번의 격돌2개의 전류 1명만이 역사가 된다!,3
헌터 킬러,32202,https://movie-phinf.pstatic.net/20181212_219/1544577062842KarfK_JPEG/movie_image.jpg?type=m665_443_2,"소리 없이 침투하여 오차 없이 공격하라!세계 최강의 공격 잠수함 ‘헌터 킬러’가 움직인다!미 국방부는 격침당한 잠수함의 행방을 찾기 위해 ‘헌터 킬러’를 극비리에 투입시키고 캡틴 ‘글래스’(제라드 버틀러)는 배후에 숨겨진 음모가 있음을 알게 된다. 한편, 지상에서는 VIP가 납치되어 전세계는 초긴장 상태에 놓이게 되는데… 일촉즉발 위기상황, VIP를 구출하라! 단 한 척의 공격 잠수함 ‘헌터 킬러’와 최정예 특수부대 네이비 씰의 숨막히는 육해공 합동 작전이 펼쳐진다!",8
부탁 하나만 들어줘,99042,https://movie-phinf.pstatic.net/20181123_25/154296256144880faz_JPEG/movie_image.jpg?type=m665_443_2,"“부탁 하나만 들어줄래?”간단한 부탁에서 시작된 간단하지 않은 사건멋진 커리어우먼, 매력적인 아내, 아름다운 엄마…모든 걸 다 갖춘 완벽한 여자 ‘에밀리’가 사라졌다.그리고 발견된 시체… 모든 것이 내 것이 됐다고 생각한 순간. 에밀리가 돌아왔다!",7
공포의 묘지,16889,https://movie-phinf.pstatic.net/20190516_219/1557993341406OX3vX_JPEG/movie_image.jpg?type=m665_443_2,"“아빠, 왜 날 살렸어…?”죽었던 딸이 돌아오고, 진정한 공포가 시작된다!갑작스런 사고로 딸 엘리를 잃은 크리드(제이슨 클락)는 죽은 것이 살아 돌아온다는 애완동물 공동묘지에 딸을 묻게 되고, 어딘가 다른 모습으로 돌아온 엘리는 무시무시한 공포의 대상이 되어 가족들의 숨통을 조여오는데……",2
미스 스티븐스,3340146,https://movie-phinf.pstatic.net/20190402_124/1554166458360TjvNY_JPEG/movie_image.jpg?type=m665_443_2,연기에 특별한 재능이 있는 학교 요주의 인물 ‘빌리’완벽주의자 여왕 ‘마고’귀엽고 친근한 ‘샘’그리고 매력적인 영어 선생님 ‘미스 스티븐스’학교에서 매일 보지만 서로에 대해 잘 모르는 이들이 주말 3일동안 열리는 연극대회에 참가하게 된다.그리고 빌리는 자신과 취향이 비슷하고 무언가 상처를 숨기고 있는 것 같은 스티븐스 선생님에게 묘한 동질감을 느끼며 이끌리게 되는데…당신의 마음은 괜찮나요?,3
콜레트,270478,https://movie-phinf.pstatic.net/20190327_10/1553664829865BN4HO_JPEG/movie_image.jpg?type=m665_443_2,"프랑스 생 소뵈르 작은 마을의 소녀 콜레트바람둥이 소설 편집자 윌리와 사랑에 빠져 파리에 왔지만 기대만큼 행복하지 않다파리의 콧대 높은 사교계와 화려하기만 한 물랑루즈에 지쳐갈 무렵경제적 어려움에 처한 윌리의 부탁으로 자신의 경험을 녹인 소설을 쓰게 된다콜레트의 소설은 남편의 이름으로 출판되어 베스트셀러에 오르고급기야 소설 속 주인공 이름을 딴 브랜드까지 런칭,모든 상품들을 완판시키며 신드롬을 일으킨다패션, 헤어스타일까지 유행을 이끌며 최고의 인플루언서가 되지만모든 성공과 명예는 남편 윌리에게 돌아간다남편 뒤에 숨어있던 콜레트는 용기를 내어 자신의 존재를 드러내기로 결심하는데…더 이상 사랑을 위해 희생하지 않고,남들의 시선을 위해 치장하지 않기로 결심한 콜레트!그녀가 이제, 진짜 세상으로 당당히 걸어 나온다!",3
"어쩌다, 결혼",18142,https://movie-phinf.pstatic.net/20190122_192/1548121844125KdJDJ_JPEG/movie_image.jpg?type=m665_443_2,"‘척’만 하자고요… ‘척’만!재산을 물려받기 위해서는 결혼을 꼭 해야만 하는 ‘성석’(김동욱)엄마와 세 오빠의 결혼 압박에서 벗어나 나만의 인생을 찾고 싶은 ‘해주’(고성희)부모님의 등쌀에 못 이겨 나간 맞선 자리에서 만나게 된 둘은 각자의 목적을 달성하기 위해 딱! 3년간만 결혼하는 ‘척’하기로 계약한다 하지만 두 사람의 결혼 준비가 진행될수록방해꾼들은 늘어만 가고,넘어야 할 산이 한두 개가 아닌데… 결혼하는 척, 같이 사는 척, 딱! 3년만 하는 척! 척!과연 두 사람의 ‘하는 척’은 성공할 수 있을까?",4
원스 어폰 어 타임... 인 할리우드,2357,https://movie-phinf.pstatic.net/20190829_274/15670414098837720t_JPEG/movie_image.jpg?type=m665_443_2,"1969년 할리우드, 잊혀져 가는 액션스타 ‘릭 달튼’과 그의 스턴트 배우 겸 매니저인 ‘클리프 부스’는 과거의 영광을 되찾기 위해 고군분투하지만 새로운 스타들에 밀려 큰 성과를 거두진 못한다.그러던 어느 날 ‘릭’의 옆집에 할리우드에서 가장 핫한 ‘로만 폴란스키’ 감독과 배우 ‘샤론 테이트’ 부부가 이사 오자 ‘릭’은 새로운 기회가 생길 수도 있다고 기뻐하지만 인사조차 나누지 못한다. 형편상 더 이상 함께 일할 수 없게 된 ‘릭’과 ‘클리프’는 각자의 길을 가기로 하고 ‘릭’의 집에서 술을 거나하게 마시던 중 뜻하지 않은 낯선 방문객을 맞이하게 되는데…",3
벽 속에 숨은 마법시계,42740,https://movie-phinf.pstatic.net/20181001_122/153836420654806YHX_JPEG/movie_image.jpg?type=m665_443_2,"2018년 10월, 환상적인 마법 판타지가 펼쳐진다!부모님을 잃고 혼자가 된 ‘루이스’는 유일한 혈육인 삼촌 ‘조나단’(잭 블랙)을 찾아가고 그와 함께 살게 된다.‘조나단’의 오랜 친구이자 이웃사촌인 ‘플로렌스’(케이트 블란쳇) 또한 ‘루이스’를 반갑게 맞아주지만‘루이스’는 어딘가 미스터리한 이 집에서의 생활이 두렵다. 한편, 매일 밤 무언가를 찾아 집을 돌아다니는‘조나단’은 자신을 수상하게 여기는 ‘루이스’에게 결국 자신과 ‘플로렌스’가 마법사임을 고백하고,모든 것이 살아 움직이는 미스터리한 이 집에 숨겨진 비밀스러운 시계의 존재를 알려준다.집 안을 채우는 종소리가 사라지기 전, 시계를 찾아 세상을 집어 삼키려는 저주를 풀어야만 하는‘조나단’과 ‘플로렌스’! 하지만 이들을 도우려던 ‘루이스’로 인해 깨어나선 안될 존재까지 눈을 뜨고 마는데...과연 세 사람은 비밀의 시계를 찾아 위기에 빠진 세상을 구할 수 있을까?",10
목격자,85152,https://movie-phinf.pstatic.net/20180410_226/15233248838820knPt_JPEG/movie_image.jpg?type=m665_443_2,중국 내 실화를 바탕으로 한 스릴러 영화로 한 아이가 차에 치인 상황에서 아무도 도와주지 않은 사람들 때문에 결국 죽음에 이르게 된 이야기,7
라플라스의 마녀,272839,https://movie-phinf.pstatic.net/20190411_186/1554947951686eJoLR_JPEG/movie_image.jpg?type=m665_443_2,"유명 온천 휴양지, 영화 제작자의 시신이 발견된다.사인은 황화수소 중독.사망 사건이 발생한 지형적 특성상, 단순 사고를 확신하는 ‘아오에(사쿠라이 쇼)’ 교수 앞에보험금을 노린 살인 사건으로 의심하는 ‘나카오카(타마키 히로시)’ 형사,연쇄 살인의 가능성을 예고하는 미스터리한 소녀 ‘우하라 마도카(히로세 스즈)’가 나타난다. 그리고 얼마 뒤, 또 다른 온천 휴양지에서 무명 영화배우가 황화수소 중독으로 사망하는 사건이 발생한다.‘아오에’ 교수는, ‘나카오카 ‘형사의 가설하에 0.001%의 살인 가능성을 파헤치게 되는데…인간의 한계를 넘어선 불가사의한 사망 사건 발생!우연한 사고인가, 연쇄 살인 사건인가! 살인을 증명하라!",5
분노의 질주: 홉스&쇼,189697,https://movie-phinf.pstatic.net/20190726_177/15641046254730gK1F_JPEG/movie_image.jpg?type=m665_443_2,드디어 그들이 만났다!공식적으로만 세상을 4번 구한 전직 베테랑 경찰 ‘루크 홉스’(드웨인 존슨)분노 조절 실패로 쫓겨난 전직 특수요원 ‘데카드 쇼’(제이슨 스타뎀)99.9% 완벽히 다른 두 남자는 전 세계를 위협하는 불가능한 미션을 해결하기 위해어쩔 수 없이 한 팀이 되고 마는데…,8
도어락,5790979,https://movie-phinf.pstatic.net/20181109_210/1541739608888DcEEo_JPEG/movie_image.jpg?type=m665_443_2,"오피스텔에 혼자 살고 있는 평범한 직장인 경민(공효진).퇴근 후 집에 돌아온 경민은 원룸의 도어락 덮개가 열려있는 것을 발견한다.불안한 마음에 도어락 비밀번호를 변경해보지만 그날 밤, 잠들기 전 문 밖에서 들리는 소리'삐-삐-삐-삐- 잘못 누르셨습니다'공포감에 휩싸인 경민은 경찰에 신고를 하지만그들은 경민의 잦은 신고를 귀찮아 할 뿐, 대수롭지 않게 여긴다.그리고 얼마 뒤, 경민의 원룸에서 낯선 사람의 침입 흔적과 함께 의문의 살인 사건이 발생하고자신도 안전하지 않음을 직감한 경민은 직접 사건의 실체를 쫓게 되는데..!열려 있는 도어락 덮개, 지문으로 뒤덮인 키패드, 현관 앞 담배꽁초혼자 사는 원룸, 이곳에 누군가 숨어있다!",7
"오늘 밤, 로맨스 극장에서",18706,https://movie-phinf.pstatic.net/20180611_153/15286846194454nqgC_JPEG/movie_image.jpg?type=m665_443_2,"“만약 진짜 로맨스를 만난다면,  이 세계도 영화처럼 빛나 보일 거야.”영화감독을 꿈꾸는 ‘켄지’.우연히 발견한 오래된 흑백 고전 영화 속 ‘미유키’ 공주를 동경하게 된 그는아무도 없는 극장에 남아 그녀가 나오는 영화를 혼자 감상하는 것이 일상이 된다.폭우가 몰아치던 어느 날, 그에게 영화보다 더 영화 같은 일이 벌어지게 되는데!바로 스크린 속 ‘미유키’ 공주가 현실 속으로 나타난 것.흑백 영화에서 막 튀어나온 말괄량이 ‘미유키’ 공주와 해피 엔딩을 꿈꾸는 순수 청년 ‘켄지’의신분(!), 컬러(!), 시공간을 초월한 아름다운 로맨스가 시작된다!",10
나의 특별한 형제,2247,https://movie-phinf.pstatic.net/20190404_182/1554340290133Khnb5_JPEG/movie_image.jpg?type=m665_443_2,"머리 좀 쓰는 형 x 몸 좀 쓰는 동생!세상엔 이런 형제도 있다!비상한 두뇌를 가졌지만 동생 ‘동구’ 없이는 아무 데도 못 가는 형 ‘세하’(신하균),뛰어난 수영실력을 갖췄지만 형 ‘세하’ 없이는 아무것도 못 하는 동생 ‘동구’(이광수).이들은 피 한 방울 섞이지 않았지만 20년 동안 한 몸처럼 살아온 ‘특별한 형제’다.어느 날 형제의 보금자리 ‘책임의 집’을 운영하던 신부님이 돌아가시자모든 지원금이 끊기게 되고, 각각 다른 장애를 가진 두 사람은 헤어질 위기에 처하고 만다.세하는 ‘책임의 집’을 지키고 동구와 떨어지지 않기 위해구청 수영장 알바생이자 취준생 ‘미현’(이솜)을 수영코치로 영입하고,동구를 수영대회에 출전시켜 사람들의 이목을 집중시키는 데 성공한다.헤어지지 않을 수 있다는 희망을 본 것도 잠시,예상치 못한 인물이 형제 앞에 등장하면서 형제는 새로운 위기를 겪게 되는데...!",3
메리 포핀스 리턴즈,6226,https://movie-phinf.pstatic.net/20190114_278/1547430628262QsUaV_JPEG/movie_image.jpg?type=m665_443_2,"행복한 상상을 이루어주는 해피메이커 ‘메리 포핀스’체리트리 가 17번지에 살고 있는 마이클과 세 아이들은 아내와 엄마를 잃고,집까지 빼앗길 위기에 처해 슬픔에 잠긴다. 어느 날, 바람의 방향이 바뀌고 마이클의 가족에게 다시 돌아온 ‘메리 포핀스’는사랑스러운 마법으로 가득 찬 황홀한 경험을 선사하는데…",10
완벽한 타인,242452,https://movie-phinf.pstatic.net/20190904_206/1567572685269Fj52V_JPEG/movie_image.jpg?type=m665_443_2,선미는 원주택에 머물며 시를 쓰는 남편 현석을 한 달에 몇 번 만나러 간다. 서울에서 준수와 바람을 피고 있는 선미...그런 선미를 사랑하는 남자준수... 일도 섹스도 같이 하는 남자 이다. 선미가 남편을 정리하고 오기를 기다리고 있는데.. 멀리 떨어져 있는 남편이기만한 현석. 지방 신문에 시가 당선되며 시인이 되었지만 백수다. 아내 선미밖에 없는 척하지만 그럴 리가.. 아내의 빈자리를 누군가가 채워주고 있다. 현모양처가 꿈인 유리...그 여자다.. 또한 미용실 스텝인 피오... 준수의 차에서 잠이들어 선미의 집으로 동행을 한다. 그런 그들이 한자리에 모이는 상황이 발생하고... 게임을 통해 그들의 숨겨진 일탈들이 하나 둘씩 벗겨지는데...,3
봉오동 전투,54681,https://movie-phinf.pstatic.net/20190719_213/1563513194134ksAGD_JPEG/movie_image.jpg?type=m665_443_2,"임무는 단 하나! 달리고 달려, 일본군을 죽음의 골짜기로 유인하라!1919년 3.1운동 이후 봉오동 일대에서 독립군의 무장항쟁이 활발해진다.일본은 신식 무기로 무장한 월강추격대를 필두로 독립군 토벌 작전을 시작하고,독립군은 불리한 상황을 이겨내기 위해 봉오동 지형을 활용하기로 한다.항일대도를 휘두르는 비범한 칼솜씨의 해철(유해진)과 발 빠른 독립군 분대장 장하(류준열)그리고 해철의 오른팔이자 날쌘 저격수 병구(조우진)는빗발치는 총탄과 포위망을 뚫고 죽음의 골짜기로 일본군을 유인한다.계곡과 능선을 넘나들며 귀신같은 움직임과 예측할 수 없는 지략을 펼치는 독립군의 활약에일본군은 당황하기 시작하는데...1920년 6월, 역사에 기록된 독립군의 첫 승리봉오동 죽음의 골짜기에 묻혔던 이야기가 지금부터 시작된다.",6
사랑은 비가 갠 뒤처럼,18029,https://movie-phinf.pstatic.net/20190201_248/1549004347154eJU27_JPEG/movie_image.jpg?type=m665_443_2,"육상부 에이스였지만 예상치 못한 부상으로 달리는 꿈을 잃은 ‘아키라’는재활훈련 대신 패밀리 레스토랑 아르바이트를 시작하고,매일매일을 따분하고 또 성실하게 사는 점장 ‘콘도’의 상냥함에 반한다.반짝반짝 빛나는 시절의 아키라를 보며 콘도도 어느새 잊고 지냈던 자신의 꿈을 마주 보게 되는데...멈춰버린 꿈지나가버린 꿈이 비가 그치면, 괜찮아질까요?",3
엔젤 해즈 폴른,1629,https://movie-phinf.pstatic.net/20191113_233/1573623877830zX5e9_JPEG/movie_image.jpg?type=m665_443_2,이번에는 영웅이 무너진다!비밀 경호국 최고 요원 ‘배닝’(제라드 버틀러)의 임무수행 중'트럼불' 대통령(모건 프리먼)을 향한 의문의 사상 최대 규모의 드론 테러가 발생한다.최악의 드론 테러 사건 후 '배닝'은 대통령 암살사건의 테러범으로 지목되고국가 영웅은 한순간에 일급 수배자가 되어 FBI에게 쫓기게 되는데...표적이 된 그가 다시 움직인다!숨막히는 추격! 모두가 그를 쫓는다!,8
엑스맨: 다크 피닉스,1606737,https://movie-phinf.pstatic.net/20190603_273/1559540193462sgsr5_JPEG/movie_image.jpg?type=m665_443_2,"두려워하라!영원한 히어로는 없다어린 시절 비극적 교통사고로 자신의 능력을 알게 된 진 그레이는자비에 영재학교에서 새로운 가족을 맞이하게 된다.엄청난 잠재적 능력을 지닌 그녀는 엑스맨으로 성장해 우주에서 구조 임무를 수행하던 중목숨을 잃을 뻔한 사고를 겪는다. 예기치 못한 사고 이후 폭주하는 힘과억눌려왔던 어둠에 눈을 뜨게 된 진 그레이는 엑스맨의 가장 강력하고 파괴적인 적,다크 피닉스로 변하게 된다. 프로페서 X는 물론 매그니토까지 능가하는 두려운 존재가 된 그녀 앞에힘을 이용하려는 미스터리한 외계 존재가 나타나 그녀를 뒤흔들고,지금까지 엑스맨이 이뤄온 모든 것들이 무너지는 가운데엑스맨은 사랑하는 친구이자 가장 강력한 적이 된 다크 피닉스와 맞서야 하는데…",8
세상을 바꾼 변호인,3481,https://movie-phinf.pstatic.net/20190520_50/1558319419022YdKcl_JPEG/movie_image.jpg?type=m665_443_2,"빌어먹을 차별을 무너뜨릴 결정적 한방세상을 바꾼 위대한 실화남녀 차별이 당연시되던 시대에 태어난 ‘긴즈버그’는 1950년대 하버드대학교 로스쿨에서전체 학생의 단 2%에 해당하는 9명의 여학생 중 한 명으로서 수석졸업을 하고 두 아이를 키우며 법대 교수가 된다.그리고 1970년대, 우연히 남성 보육자와 관련된 한 사건을 접하게 된다.긴즈버그는 이것이 남성의 역차별 사건이며 성차별의 근원을 무너뜨릴 수 있는, 50년 전쟁의 포문을 열 열쇠임을 직감한다.모두가 도저히 이길 수 없는 싸움, 패배가 확정된 재판이라 말렸지만, 긴즈버그는 남편과 딸의 지지에 힘입어 178건의 합법적 차별을 무너뜨릴 세기의 재판에 나서는데…세상을 바꿀 위대한 용기,모두의 평등을 위한 결정적 반전이 시작된다!",3
신은 죽지 않았다 3: 어둠 속의 빛,13862203,https://movie-phinf.pstatic.net/20180612_194/1528767277354DKz2r_JPEG/movie_image.jpg?type=m665_443_2,150년간 자리를 지켜온 성 제임스 교회의 목사 ‘데이빗 힐’은 교회에서 일어난 의문의 화재사건으로 친구를 잃고캠퍼스 내에 위치한 교회의 퇴거를 요구하는 주립대와 갈등을 빚는다.학교와의 갈등은 점점 더 깊어져 데이빗 목사의 신념과 믿음마저 흔들리게 되는데…절망의 끝에서 모든 사람이 발견해야 할 진리가 타오른다!,3
양지의 그녀,92566,https://movie-phinf.pstatic.net/20190222_175/15508188061207K3zE_JPEG/movie_image.jpg?type=m665_443_2,"“널 꼭 만나고 싶었어.”업무 미팅 자리에서 우연히 ‘마오(우에노 주리)’와 마주친 ‘고스케(마츠모토 준)’.중학생 때 괴롭힘당하던 마오를 도와주며 서로의 첫사랑이 되었지만,고스케의 전학으로 헤어지게 된 지 10년 만이다. 여전히 마오를 좋아하지만, 고백을 주저하던 고스케는자신을 만나기 위한 마오의 노력으로두 사람이 재회하게 되었음을 알게 된다.햇살 가득한 사랑을 다시 시작한 두 사람하지만 마오에겐 말하지 못한 비밀이 남아있는데…",4
터미네이터: 다크 페이트,116824,https://movie-phinf.pstatic.net/20191030_118/1572411669676j0Arb_JPEG/movie_image.jpg?type=m665_443_2,"심판의 날 그 후, 모든 것이 다시 시작된다!심판의 날 그 후, 뒤바뀐 미래 새로운 인류의 희망 ‘대니’(나탈리아 레이즈)를 지키기 위해 슈퍼 솔져 ‘그레이스’(맥켄지 데이비스)가미래에서 찾아오고, ‘대니’를 제거하기 위한 터미네이터 ‘Rev-9’(가브리엘 루나)의 추격이 시작된다. 최첨단 기술력으로 무장한 최강의 적 터미네이터 ‘Rev-9’의 무차별적인 공격에 쫓기기 시작하던‘그레이스’와 ‘대니’ 앞에 터미네이터 헌터 ‘사라 코너’(린다 해밀턴)가 나타나 도움을 준다. 인류의 수호자이자 기계로 강화된 슈퍼 솔져 ‘그레이스’와 ‘사라 코너’는 ‘대니’를 지키기 위해 새로운 조력자를 찾아 나서고, 터미네이터 ‘Rev-9’은 그들의 뒤를 끈질기게 추격하는데...더 이상 정해진 미래는 없다 지키려는 자 VS 제거하려는 자, 새로운 운명이 격돌한다!",8
제미니 맨,5956,https://movie-phinf.pstatic.net/20190905_247/1567649984099gy6L7_JPEG/movie_image.jpg?type=m665_443_2,"전설로 불리는 요원그를 뛰어넘을 단 한 사람이 추격을 시작 했다!최강의 요원 헨리(윌 스미스)는 자신과 완벽하게 닮은 의문의 요원(윌 스미스)에게 맹렬한 추격을 당한다. 한편 헨리와 이제 막 동료가 된 대니(메리 엘리자베스 윈스티드), 헨리의 오랜 동료 배런(베네딕트 웡)은 의문의 요원에게 이상한 낌새를 느끼고 정체를 파헤치기 시작하고, 그가 헨리의 DNA를 추출해 탄생한 ‘제미니 프로젝트’ 요원임을 알게 된다. 헨리의 전성기와 너무나 완벽하게 닮은 한 사람을 만나 충격에 빠지는 헨리와 동료들. 그들은 ‘제미니 프로젝트’를 파괴하기 위한 작전을 시작하는데…",8
캡틴 마블,13453,https://movie-phinf.pstatic.net/20190225_72/1551069530582h2huX_JPEG/movie_image.jpg?type=m665_443_2,"위기에 빠진 어벤져스의 희망!1995년, 공군 파일럿 시절의 기억을 잃고크리족 전사로 살아가던 캐럴 댄버스(브리 라슨)가 지구에 불시착한다.쉴드 요원 닉 퓨리(사무엘 L. 잭슨)에게 발견되어 팀을 이룬 그들은지구로 향하는 더 큰 위협을 감지하고힘을 합쳐 전쟁을 끝내야 하는데…",8
여곡성,33384,https://movie-phinf.pstatic.net/20181017_83/15397650480164Sm4J_JPEG/movie_image.jpg?type=m665_443_2,"“들은 것을 말하지 말고, 본 것은 기억하지 말라”원인 모를 기이한 죽음이 이어지는 한 저택.우연히 이곳에 발을 들이게 된 옥분은 비밀을 간직한 신씨 부인을 만난다.신씨 부인은 옥분에게 집안에 있는 동안 반드시 지켜야 할 규칙을 이야기하고,옥분은 상상조차 할 수 없는 서늘한 진실을 마주하게 된다.죽음이 소리 내어 울기 시작한다!살고 싶다면, 귀를 막아라!",2
툴리,164852,https://movie-phinf.pstatic.net/20181031_119/15409491972280Be0x_JPEG/movie_image.jpg?type=m665_443_2,"“아이만이 아니에요, 당신을 돌보러 왔어요”‘지금’의 ‘마를로’에게 찾아온 가장 소중한 인생 친구, ‘툴리’와의 특별한 만남이 시작된다!신발 하나 제대로 못 찾는 첫째 딸, 남들과 조금 다른 둘째 아들, 갓 태어나서 밤낮없이 울어대는 막내,그리고 자신에겐 아무 관심도 없이 매일 밤 게임에 빠져 사는 남편까지,매일 같은 육아 전쟁에 지쳐가는 ‘마를로’(샤를리즈 테론).몸이 스무 개라도 모자란 엄마 ‘마를로’를 위해 그녀의 오빠는 야간 보모 고용을 권유한다.아이는 엄마가 돌봐야 한다고 철석같이 믿어 왔던 ‘마를로’는 고민 끝에야간 보모 ‘툴리’(맥켄지 데이비스)를 부르게 된다.홀로 삼 남매 육아를 도맡아 하면서 슈퍼 맘이 되어야만 했던 ‘마를로’ 곁에서‘툴리’는 마치 자신의 가족처럼 그녀와 아이들을 돌봐준다.슈퍼 보모이자 때로는 인생 친구가 되어 주는 ‘툴리’로 인해 ‘마를로’의 삶은 조금씩 변화하게 되는데…",3
공작,18579,https://movie-phinf.pstatic.net/20180730_299/1532914028702Mgwti_JPEG/movie_image.jpg?type=m665_443_2,"북으로 간 스파이, 암호명 흑금성1993년, 북한 핵 개발을 둘러싸고 한반도의 위기가 고조된다.정보사 소령 출신으로 안기부에 스카우트된 박석영(황정민)은 ‘흑금성’이라는 암호명으로 북핵의 실체를 캐기 위해 북의 고위층 내부로 잠입하라는 지령을 받는다. 안기부 해외실장 최학성(조진웅)과 대통령 외에는 가족조차도 그의 실체를 모르는 가운데 대북사업가로 위장해 베이징 주재 북 고위간부 리명운(이성민)에게 접근한 흑금성.그는 수 년에 걸친 공작 끝에, 리명운과 두터운 신의를 쌓고 그를 통해서, 북한 권력층의 신뢰를 얻는데 성공한다.그러나, 1997년. 남의 대선 직전에 흑금성은 남과 북의 수뇌부 사이 은밀한 거래를 감지한다.조국을 위해 굳은 신념으로 모든 것을 걸고 공작을 수행했던 그는 걷잡을 수 없는 갈등에 휩싸이는데…",3
베일리 어게인,90488,https://movie-phinf.pstatic.net/20181031_264/1540949415228uy0j3_JPEG/movie_image.jpg?type=m665_443_2,"이번 생은 처음인 우리에게견생 4회차, 베일리의 빅허그♥귀여운 소년 ‘이든’의 단짝 반려견 ‘베일리’는 행복한 생을 마감한다.하지만 눈을 떠보니 다시 시작된 견생 2회차, 아니 3회차?!1등 경찰견 ‘엘리’에서 찰떡같이 마음을 알아주는 소울메이트 ‘티노’까지!다시 태어날 때마다 성별과 생김새, 직업(?)에 이름도 바뀌지만,여전히 영혼만은 사랑 충만! 애교 충만! 주인바라기 ‘베일리’어느덧 견생 4회차, 방랑견이 되어 떠돌던 ‘베일리’는마침내 자신이 돌아온 진짜 이유를 깨닫고 어딘가로 달려가기 시작하는데…",9
굿 라이어,847087,https://movie-phinf.pstatic.net/20191107_178/1573106093594FSkk6_JPEG/movie_image.jpg?type=m665_443_2,"평생을 공들인 계획, 드디어 실행에 나선다!거짓말은 완벽하게, 복수는 우아하게!부유한 미망인 ‘베티(헬렌 미렌)’는 온라인 데이트 사이트에서 ‘로이(이안 맥켈런)’를 만나고, 두 사람은 서로를 의지하며 좋은 관계를 만들어나간다. 하지만 사실 로이는 베티의 돈을 노리고 의도적으로 접근했던 것. 이를 모르는 베티는 로이가 제안한대로 공동 계좌를 만들어 본인의 재산과 로이의 재산을 합하는 데 동의하고, 두 사람은 베를린으로 여행을 떠난다. 그 곳에서 베티는 로이의 정체를 알게 되고 로이에게 복수를 감행하는데…",7
조커,17900,https://movie-phinf.pstatic.net/20190906_128/1567761736426S6Fje_JPEG/movie_image.jpg?type=m665_443_2,"“내 인생이 비극인줄 알았는데, 코미디였어”고담시의 광대 아서 플렉은 코미디언을 꿈꾸는 남자.하지만 모두가 미쳐가는 코미디 같은 세상에서맨 정신으로는 그가 설 자리가 없음을 깨닫게 되는데…이제껏 본 적 없는 진짜 ‘조커’를 만나라!",8
덤보,428248,https://movie-phinf.pstatic.net/20190328_112/1553762886182QHDpG_JPEG/movie_image.jpg?type=m665_443_2,"몸보다 훨씬 큰 귀를 가지고 태어나, 뒤뚱거리는 모습으로 서커스단의 웃음거리가 된 ‘덤보’.어느 날 왕년의 서커스 스타 ‘홀트(콜린 파렐)’와 그의 아이들, 밀리와 조가 ’덤보’가 하늘을 날 수 있다는 것을 알게 되고, 유능한 사업가 ‘반데비어(마이클 키튼)’가 ‘덤보’를 스타로 만들기 위해 접근한다.매력적인 공중 곡예사 ‘콜레트(에바 그린)’와 함께 하늘을 날게 된 ‘덤보’는 그의 친구들과 함께 환상적인 쇼를 둘러싼 어둠의 비밀을 발견하게 되는데…",1
진범,7301,https://movie-phinf.pstatic.net/20190710_177/1562723708522aWIz7_JPEG/movie_image.jpg?type=m665_443_2,"피해자의 남편 VS 용의자의 아내아내가 죽은 그날의 진실을 찾고 싶은 ‘영훈’(송새벽)과남편의 무죄를 밝히기 위해 그의 증언이 필요한 ‘다연’(유선).‘영훈’은 증언의 대가로 함께 진실을 찾자는 제안을 하고,‘다연’은 남편을 구하기 위해 ‘영훈’과 사건을 쫓기 시작한다.사건을 재구성하던 어느 날,‘다연’은 ‘영훈’의 집에서 사라진 증거를 발견하고,‘영훈’은 ‘다연’의 거짓말을 알게 된다.그렇게 진실에 다가갈수록서로를 향한 의심은 커져만 가는데…의심을 숨긴 위험한 공조가 시작된다!",7
그것: 두 번째 이야기,13955,https://movie-phinf.pstatic.net/20190828_206/1566967731041eErbg_JPEG/movie_image.jpg?type=m665_443_2,"‘그것’과 함께 ‘그들’도 돌아왔다!27년마다 아이들이 사라지는 마을 데리, 또 다시 ‘그것’이 나타났다.27년 전, 가장 무서워하는 것의 모습으로 나타나 아이들을 잡아먹는 그것 페니와이즈에 맞섰던 ‘루저 클럽’ 친구들은 어른이 되어도 더 커져만 가는 그것의 공포를 끝내기 위해 피할 수 없는 마지막 대결에 나선다.",7
호두까기 인형과 4개의 왕국,17850,https://movie-phinf.pstatic.net/20181109_245/1541740985337rsPka_JPEG/movie_image.jpg?type=m665_443_2,"“누구나 알고 있지만 아무도 모르는 이야기”크리스마스 이브, 대부 ‘드로셀마이어’의 파티에 참석한 ‘클라라’는 돌아가신 엄마의 마지막 크리스마스 선물을 열어줄 황금 열쇠를 찾아 나선다. 대부에게 건네받은 황금실을 따라 마법의 세상 속으로 들어간 ‘클라라’는 호두까기 병정과 함께3개의 왕국을 지나면서 다양한 사건과 사람들을 만나 환상적인 모험을 즐긴다. 그러나 엄마의 수수께끼를 풀 수 있는 열쇠를 얻기 위해서는 모두가 두려워하는 네 번째 왕국으로 가야만 하는데…황금 열쇠를 따라가면,지금껏 본 적 없는 마법의 세계가 열린다!",10
마담 싸이코,3321998,https://movie-phinf.pstatic.net/20190607_99/1559869665680SMDNA_JPEG/movie_image.jpg?type=m665_443_2,함부로 친절하지 말 것!소름돋는 역대급 싸이코가 온다뉴욕에 살고 있는 젊은 여성 ‘프랜시스’는 지하철에서 주인 없는 핸드백을 줍는다. 가방의 주인은 혼자 살고 있는 중년의 여인  ‘그레타’.엄마를 잃은 상실감에 빠져있던 프랜시스는 핸드백을 찾아주면서 그레타와 빠르게 가까워진다.저녁식사에 초대받은 프랜시스는 우연히 그레타가 핸드백을 미끼로 젊은 여성들과 친해진다는 소름끼치는 사실을 알게된다.그레타는 프랜시스를 집요하게 쫓아다니며 본색을 드러내기 시작하는데…,2
좀비랜드: 더블 탭,7968184,https://movie-phinf.pstatic.net/20191101_133/1572575304249ohmm8_JPEG/movie_image.jpg?type=m665_443_2,"좀비로 세상이 망한지 10년,자신들만의 재능을 발휘하고 생존 규칙을 지키며여전히 꿋꿋하게 살아가고 있는 희한한 가족탤러해시, 콜럼버스, 위치타, 리틀록.하지만 ‘좀비랜드’에 더욱 진화한 좀비가 나타나고이들은 새로운 인간 생존자들과 함께 사투를 시작하는데…",8
에브리데이,12354880,https://movie-phinf.pstatic.net/20180911_215/1536657839054eIYwl_JPEG/movie_image.jpg?type=m665_443_2,"A는 매일 아침 다른 사람 몸에서 깨어난다.나이는 항상 똑같다.같은 사람이 두 번 되진 않는다.어떤 모습이든, 늘 똑같은 A다!그리고 매일, 나와 사랑에 빠진다!“매일 모습이 바뀌는 남친과 리아넌의 24시간 리셋 로맨스 시작!”",4
안시성,158521,https://movie-phinf.pstatic.net/20180919_108/1537322093089VIq7d_JPEG/movie_image.jpg?type=m665_443_2,"우리는 물러서는 법을 배우지 못했다! 우리는 무릎 꿇는 법을 배우지 못했다! 우리는 항복이라는 걸 배우지 못했다!천하를 손에 넣으려는 당 태종은 수십만 대군을 동원해 고구려의 변방 안시성을 침공한다.20만 당나라 최강 대군 VS 5천명의 안시성 군사들.40배의 전력 차이에도 불구하고, 안시성 성주 양만춘과 전사들은 당나라에 맞서 싸우기로 결심하는데…동아시아 역사상 가장 위대한 승리를 이끈 안시성 전투가 시작된다!",6
노크: 초대받지 않은 손님,1581372,https://movie-phinf.pstatic.net/20180927_148/1538025706998YzWL0_PNG/movie_image.jpg?type=m665_443_2,"미 전역을 공포에 빠트린 충격 실화!노크 소리가 들리면 살인 게임이 시작된다!호숫가 캠핑장으로 휴가를 온 킨제이네 가족. 한밤 중, 복면을 쓴 누군가가 캠핑카의 문을 두드린다. 똑.똑.똑… 죽여도 돼?",2
왓칭,35004,https://movie-phinf.pstatic.net/20190326_187/1553563141974kMLat_JPEG/movie_image.jpg?type=m665_443_2,회사 주차장에서 납치 당한 여자(강예원)가 자신을 조여오는 감시를 피해 필사의 탈주를 감행하는 공포 스릴러,2
47미터 2,1082766,https://movie-phinf.pstatic.net/20190828_168/1566978748244QCEtz_JPEG/movie_image.jpg?type=m665_443_2,"물에 잠긴 고대 마야의 수중도시 '시발바'를 향해짜릿한 동굴 다이빙에 나선 '미아'와 친구들은예기치 못한 사고로 미로 같은 동굴 속에 갇혀 헤매던 중오랜 시간 굶주린 블라인드 샤크와 맞닥뜨리게 된다.산소도, 탈출구도 없는 칠흑 같은 어둠 속에 갇힌 이들은눈 보다 예민한 제3의 감각으로 좁혀오는 상어떼를 피해목숨을 건 극한의 숨바꼭질을 시작하는데..",2
쥬라기 월드: 폴른 킹덤,167060,https://movie-phinf.pstatic.net/20180814_31/1534222196427nyBw8_JPEG/movie_image.jpg?type=m665_443_2,"진화는 위기가 된다지상 최대의 테마파크 ‘쥬라기 월드’가 폐쇄된 이후 화산 폭발 조짐이 일어나자,오웬(크리스 프랫)과 클레어(브라이스 달라스 하워드)는 공룡들의 멸종을 막기 위해 이슬라 누블라 섬으로 떠난다.한편, 진화된 공룡들을 이용하려는 세력의 거대한 음모가 드러나고,절대 지상에 존재해선 안될 위협적 공룡들이 마침내 세상 밖으로 등장하게 되는데…	공룡들의 세상이 돌아온다!",8
말레피센트 2,172125,https://movie-phinf.pstatic.net/20191004_160/1570150829240zmLfa_JPEG/movie_image.jpg?type=m665_443_2,동화는 끝났다!두 세계의 운명을 건 가장 사악한 전쟁이 시작된다!강력한 어둠의 지배자이자 무어스 숲의 수호자 ‘말레피센트’는 딸처럼 돌봐온 ‘오로라’와 ‘필립 왕자’의 결혼 약속으로 인간 세계의 ‘잉그리스 왕비’와 대립하게 된다.이에 요정과 인간의 오랜 연합이 깨지고 숨겨진 요정 종족 다크페이의 리더 ‘코널’까지 등장하면서 두 세계는 피할 수 없는 거대한 전쟁에 휘말리게 되는데…..,9
판의 미로 - 오필리아와 세 개의 열쇠,544720,https://movie-phinf.pstatic.net/20190409_174/1554774642995SWGiz_JPEG/movie_image.jpg?type=m665_443_2,"1944년 스페인, 내전은 끝났지만 숲으로 숨은 시민군은 파시스트 정권에 계속해서 저항했고 그들을 진압하기 위해 정부군이 곳곳에 배치된다.‘오필리아’는 만삭의 엄마 ‘카르멘’과 함께 새아버지 ‘비달’ 대위가 있는 숲속 기지로 거처를 옮긴다.정부군 소속으로 냉정하고 무서운 비달 대위를 비롯해 모든 것이 낯설어 두려움을 느끼던 오필리아는 어느 날 숲속에서 숨겨진 미로를 발견한다.그리고 그곳에서 자신을 “산이고 숲이자 땅”이라 소개하는 기괴한 모습의 요정 ‘판’과 만난다.오필리아를 반갑게 맞이한 판은, 그녀가 지하 왕국의 공주 ‘모안나’이며 보름달이 뜨기 전까지 세 가지 임무를 끝내면 돌아갈 수 있다고 알려주면서 미래를 볼 수 있는 “선택의 책”을 건넨다.오필리아는 전쟁보다 더 무서운 현실 속에서 인간 세계를 떠나 지하 왕국으로 돌아가기로 결심하게 되는데…용기, 인내, 그리고 마지막 임무…판의 미로가 다시 열리고, 환상과 현실의 경계가 무너진다!",3
기생충,4740651,https://movie-phinf.pstatic.net/20190528_36/1559024198386YVTEw_JPEG/movie_image.jpg?type=m665_443_2,"“폐 끼치고 싶진 않았어요”전원백수로 살 길 막막하지만 사이는 좋은 기택(송강호) 가족.장남 기우(최우식)에게 명문대생 친구가 연결시켜 준 고액 과외 자리는모처럼 싹튼 고정수입의 희망이다.온 가족의 도움과 기대 속에 박사장(이선균) 집으로 향하는 기우.글로벌 IT기업 CEO인 박사장의 저택에 도착하자젊고 아름다운 사모님 연교(조여정)가 기우를 맞이한다.그러나 이렇게 시작된 두 가족의 만남 뒤로, 걷잡을 수 없는 사건이 기다리고 있었으니…",3
킬링 디어,1622204,https://movie-phinf.pstatic.net/20180622_56/1529630293535NFIaH_JPEG/movie_image.jpg?type=m665_443_2,"""대가를 치러야지?""성공한 외과 의사 스티븐과 그에게 다가온 소년 마틴미스터리한 그와 친밀해질수록스티븐과 그의 아내의 이상적인 삶은 완벽하게 무너지는데...""이 악몽을 끝내줘. 할 수 있어?""",7
아쿠아맨,12186,https://ssl.pstatic.net/static/m/movie/icons/OG_270_270.png,None,8
로켓맨,18457,https://movie-phinf.pstatic.net/20190530_202/15591815551051HrC1_JPEG/movie_image.jpg?type=m665_443_2,"천재적인 음악성과 독보적인 노래로 세상을 뒤흔들며 대중을 사로잡은 ‘엘튼 존’(태런 에저튼).연이은 히트곡 발매와 환상적인 무대 퍼포먼스, 화려한 패션으로 가장 빛나는 시대의 아이콘으로 자리잡는다.그러나 인생 최고의 순간, 어린 시절부터 자신의 진가를 알아봐주지 못한 부모에 대한 상처와 사랑했던 친구의 배신에 무대 뒤에 숨겨진 또 다른 자신과 마주하게 되는데…",3
예스터데이,505625,https://movie-phinf.pstatic.net/20190819_234/1566190581134B42VL_JPEG/movie_image.jpg?type=m665_443_2,"인생을 바꿀 수 있는 선택의 순간이 당신에게도 찾아온다면?하루하루 힘겹게 음악을 하던 무명 뮤지션 잭. 모든 것을 포기하려던 순간, 전세계가 동시에 정전이 된다!다음 날 세상에선 비틀즈가 사라지고, 오직 잭만이 그들의 음악을 기억하게 된다.특별한 기회를 만난 잭은 세계적인 스타가 될 운명에 섰는데…",3
스카이스크래퍼,9291161,https://movie-phinf.pstatic.net/20180626_178/1530002275230doFpi_JPEG/movie_image.jpg?type=m665_443_2,"누구도 구하지 못한다면 내가 한다!세계 최고층 빌딩, 사상 최대의 재난역대 최악의 테러 집단을 향한 불꽃같은 그의 분노가 폭발한다!",8
얼굴없는 보스,82697,https://movie-phinf.pstatic.net/20191015_278/1571104268988MlSH6_JPEG/movie_image.jpg?type=m665_443_2,"건달을 하지 않았다면, 우리는 행복할 수 있었을까?건달이 되면 멋진 남자로서 폼 나는 삶을 살 수 있을 거란 일념으로,배신한 선배를 물러나게 하고 마침내 보스의 자리까지 오른 ‘상곤’.하지만 그 일로 선배를 제낀 후배라는 오명을 쓰게 된다.형제보다 사랑하는 동생들과 의리를 맹세하고목숨보다 사랑하는 그녀와 행복까지 꿈꾸지만매일매일 피바람이 불어대는 지옥과 같은 이 곳에는건달들의 낭만 따위는 사치처럼 보이는데…건달들이 개입된 음모와 얽히고설킨 배신 속, 가족과 동생들까지점점 더 모든 것을 잃을 위기에 처하는 ‘상곤’.그가 마지막까지 지키고자 했던 것은 무엇이었을까?",8
사탄의 인형,2606,https://movie-phinf.pstatic.net/20190614_169/1560489261570iI0QY_JPEG/movie_image.jpg?type=m665_443_2,"“같이 놀자, 친구가 되어줄게”생일 선물로 꼭 갖고 싶었던 인형을 받게 된 ‘앤디’늘 혼자였던 그에게 ‘처키’는 유일한 친구가 되어준다.가장 친한 친구 ‘앤디’를 소유하고 싶은 처키는 점차 사악한 본성을 드러내기 시작하는데…“우리, 이제 놀 시간이야”",2
마녀,1155489,https://movie-phinf.pstatic.net/20190724_190/1563935746384qOmCm_JPEG/movie_image.jpg?type=m665_443_2,함께 스키 리조트로 여행을 떠난 7명의 친구들.트럭 사고로 길이 봉쇄되자 이들은 사람이 다니지 않는 숲길로 향한다.하지만 결국 길을 잃고 외부와 연락마저 끊긴 상황. 이때 불길한 기운이 이들을 사로잡는데...,5
명탐정 피카츄,13565,https://movie-phinf.pstatic.net/20190424_53/1556091565705XDpwg_JPEG/movie_image.jpg?type=m665_443_2,"“탐정이 아냐, 명탐정이지!”세상을 구할 번쩍이는 추리가 시작된다!기억을 잃은 채 깨어난 피카츄, 난 누구? 여긴 어디?   유일한 단서는 탐정모자에 적힌 해리란 이름과 주소.   주소 속 아파트에서 자신의 말을 유일하게 알아 듣는,   실종된 해리의 아들 팀 굿맨을 만나게 된다.   명탐정의 촉으로 이건 그야말로 대.박.사.건!   사라진 아빠를 찾기 위해 피카츄와 떠나는 기상천외한 모험이 시작된다.   피카피카!",8
로망,19993,https://movie-phinf.pstatic.net/20190306_13/1551862037635qnE0r_JPEG/movie_image.jpg?type=m665_443_2,"“겁나지 않아?”75세 조남봉과 71세 이매자는 치매 부부입니다결혼 45년차, 몸도 마음도 닮아진 부부는 이제 세상에 단 둘만 있는 것처럼 삽니다매일 기억이 흐릿해지지만, 먹고 사느라 잊었던 로망은 점점 더 선명해집니다“올 것이 왔다 싶으니까 아무렇지도 않아요”",4
프렌드 존,2182407,https://movie-phinf.pstatic.net/20191001_232/1569895759054mhldp_JPEG/movie_image.jpg?type=m665_443_2,"선을 그은 것도, 사랑을 시작해 버린 것도 나!멋모르고 거절한 너의 고백그 후로 10년 동안 난 그저 남.사.친!이제 더 이상 네 연애도 이별도 보기 싫은데…어떡하지 나?‘선’을 넘고 싶은 10년차 남사친의 짝사랑 일대기가 펼쳐진다!",4
호텔 뭄바이,438498,https://movie-phinf.pstatic.net/20190415_275/1555310081472MmN8D_JPEG/movie_image.jpg?type=m665_443_2,모든 것이 완벽한 호텔!사상 최악의 테러가 시작된다!100여 년 전통의 아름다운 초호화 호텔 타지는 오늘도 전 세계에서 온 수백 명의 사람들과 직원들로 북적인다.다양한 사람들이 호텔 안에서 저녁시간을 보내던 그 때 거대한 폭발음이 들리고 혼비백산한 인파가 호텔로 몰려온다.그리고 그들과 함께 커다란 배낭을 멘 젊은 청년 몇몇이 호텔로 들어오는데…,7
자전차왕 엄복동,4678,https://movie-phinf.pstatic.net/20190201_136/1548989242154HiJy8_JPEG/movie_image.jpg?type=m665_443_2,"일제강점기, 일본에서는 조선의 민족의식을 꺾고그들의 지배력을 과시하기 위해 전조선자전차대회를 개최한다.하지만 일본 최고의 선수들을 제치고조선인 최초로 우승을 차지한 엄복동의 등장으로일본의 계략은 실패로 돌아가고,  계속되는 무패행진으로 ‘민족 영웅’으로 떠오른그의 존재에 조선 전역은 들끓기 시작한다. 때맞춰 애국단의 활약까지 거세지자 위기감을 느낀 일본은엄복동의 우승을 막고 조선인들의 사기를 꺾기 위해최후의 자전차 대회를 개최하는데... 일제강점기, 그 어느 때보다 뜨거웠던 한일전이 시작된다!",3
증인,34618,https://movie-phinf.pstatic.net/20190226_194/15511480897441tE6t_JPEG/movie_image.jpg?type=m665_443_2,"“목격자가 있어. 자폐아야”신념은 잠시 접어두고 현실을 위해 속물이 되기로 마음먹은민변 출신의 대형 로펌 변호사 ‘순호’(정우성).파트너 변호사로 승진할 수 있는 큰 기회가 걸린 사건의 변호사로 지목되자 살인 용의자의 무죄를 입증하기 위해 유일한 목격자인 자폐 소녀 ‘지우’(김향기)를 증인으로 세우려 한다.“아저씨도 나를 이용할 겁니까?”자기만의 세계에 빠져 의사소통이 어려운 ‘지우’.‘순호’는 사건 당일 목격한 것을 묻기 위해 ‘지우’를 찾아가지만, 제대로 된 인사조차 나누지 못한다.하지만 그날의 이야기를 듣기 위해 지우에게 다가가려 노력하는 ‘순호’, 시간이 흐를수록 조금씩 ‘지우’에 대해 이해하게 되지만이제 두 사람은 법정에서 변호사와 증인으로 마주해야 하는데…마음을 여는 순간, 진실이 눈앞에 다가왔다",3
나를 차버린 스파이,7615,https://movie-phinf.pstatic.net/20180809_300/1533777494802DpYwf_JPEG/movie_image.jpg?type=m665_443_2,"세상 제일 무서운 건 초짜다!구)남친 덕에 스파이계 강제 진출한 오드리친구 따라 스파이계 대충 입문한 모건생일날 문자 이별 통보도 모자라엿 같은 미션을 남기고 떠난 CIA 구남친 덕에오드리(밀라 쿠니스)와 절친 모건(케이트 맥키넌)은 국제적인 범죄에 연루된다. 얼떨결에 스파이가 되어버린 이들이 유럽 전역을 누비는 가운데,정체를 알 수 없는 영국 요원들이 접근하고 최정예 킬러까지 따라붙으며두 절친의 입담과 액션이 터지기 시작하는데…이들의 근본 없는 액션이 당신을 깨운다!",8
더 페이버릿: 여왕의 여자,354449,https://movie-phinf.pstatic.net/20190214_257/1550130475283pkbtF_JPEG/movie_image.jpg?type=m665_443_2,권력을 향한 그녀들의 미친 발버둥이 시작된다!여왕의 마음을 차지하라!절대 권력을 지닌 히스테릭한 영국의 여왕 ‘앤’(올리비아 콜맨).여왕의 오랜 친구이자 권력의 실세 ‘사라 제닝스’(레이첼 와이즈)와 신분 상승을 노리는 몰락한 귀족 가문 출신의 욕망 하녀 ‘애비게일 힐’(엠마 스톤)은 여왕의 총애를 받기 위해 수단과 방법을 가리지 않고 발버둥치기 시작하는데…,3
암전,4178,https://movie-phinf.pstatic.net/20190814_273/1565762582530bwo3n_JPEG/movie_image.jpg?type=m665_443_2,"“너도 보고 싶지? 그 영화!”8년째 공포영화를 준비하던 신인 감독 ‘미정’은어느 날 후배로부터 지나친 잔혹함으로 인해 상영이 금지된 영화에 대해 듣는다.실체를 추적하던 중 만난 그 영화의 감독 ‘재현’은""그 영화는 잊어, 죽음보다 끔찍한 인생 살기 싫으면""이라고 경고하지만‘미정’은 그의 경고를 무시한 채 더욱 더 그 영화에 집착한다. 이후, 이유를 알 수 없이 벌어지는 기괴하고 끔찍한 일들.극장에 불이 꺼지는 순간, 공포는 바로 등 뒤에 있다",5
너를 만난 여름,164642,https://movie-phinf.pstatic.net/20191016_285/1571192929545vzti3_JPEG/movie_image.jpg?type=m665_443_2,"열일곱, 모든 게 서툴고 어설프지만 모든 게 좋았던 시간.너 ♡ 나 = 최고의 우리내가 가장 좋아하는 계절은‘너를 만난 여름’",3
아이 엠 마더,3979,https://movie-phinf.pstatic.net/20190131_194/1548912288294lPeOb_JPEG/movie_image.jpg?type=m665_443_2,None,8
롱 리브 더 킹: 목포 영웅,8266,https://movie-phinf.pstatic.net/20190603_86/15595468699485F3e6_JPEG/movie_image.jpg?type=m665_443_2,"거대 조직의 보스로 거침 없이 살고 있는 ‘장세출’은철거 용역으로 나간 재건설 반대 시위 현장에서 만난 강단 있는 변호사 ‘강소현’의 일침으로 그녀가 원하는 ‘좋은 사람’이 되기로 마음 먹는다.모든 것을 내려놓고 새사람이 되기 위해 노력하던 ‘장세출’은 우연히 버스 추락 사고에서 온 몸으로 시민을 구하며일약 목포 영웅으로 떠오르게 되고, 예기치 못한 사건으로 국회의원에 출마하게 된다.발로 뛰며 점점 시민의 마음을 움직인 ‘장세출’의 입지가 높아지자,목포에서 3선을 노리던 반대파 후보 ‘최만수’는 ‘장세출’을 눈엣가시로 여기고그를 저지하기 위해 ‘장세출’의 라이벌 조직 보스 ‘조광춘’과 손을 잡고 음모를 계획하는데…",8
시카리오: 데이 오브 솔다도,3127,https://movie-phinf.pstatic.net/20180604_50/1528074884302BdLlf_JPEG/movie_image.jpg?type=m665_443_2,목표를 위해서 모든 것을 버린 작.전.개.시마약 카르텔이 테러리스트들을 국경으로 수송하고 있다는 정보를 입수한 CIA 작전 총 책임자 맷(조슈 브롤린).그는 가족이 카르텔에 의해 살해당한 의문의 남자 알레한드로(베니치오 델 토로)에게 도움을 요청한다.그리고 이들은 정의 뿐 아니라 그들의 룰도 버린 비밀 작전을 감행하게 되는데···,8
후드,2906222,https://movie-phinf.pstatic.net/20191021_264/1571643109687lBY9o_JPEG/movie_image.jpg?type=m665_443_2,"셔우드의 미래를 위한 싸움을 이끌어 나갈 영웅은 단 한 사람뿐이다. 그리고 그 십대 소녀는 당신이 알고 있던 통상적인 로빈 후드가 아니다. 십 대 해커인 셔우드의 로빈은 평생 그녀가 고아인 줄로 알고 있었다. 그러나 신비스러운 건틀렛이 비밀을 밝혀내자, 그녀가 알고 있던 세상은 한순간에 뒤집어진다. 로빈은 범법자 무리들에 합류하고 사랑, 충성 그리고 희생에 대한 진실한 가치를 배우게 된다. 홍수를 동반한 폭풍우가 거리를 몰아치는 23세기 런던에서부터 어퍼 시티의 우뚝 솟은 시타델에 이르기까지, 로빈과 그녀의 새 친구들은 미친 노팀엄의 치안관에 맞서 승산 없는 전쟁을 벌이게 된다.[제 21회 부천국제애니메이션페스티벌]",9
더 넌,5201183,https://movie-phinf.pstatic.net/20180911_134/1536645540004OFOoL_JPEG/movie_image.jpg?type=m665_443_2,루마니아의 젊은 수녀가 자살하는 사건을 의뢰 받아 바티칸에서 파견된 버크 신부와 아이린 수녀가 수녀원을 조사하면서 충격적인 악령의 실체와 만나게 되는 이야기를 그린다.,2
어느 가족,1400584,https://movie-phinf.pstatic.net/20180702_47/1530497117620iDJX8_JPEG/movie_image.jpg?type=m665_443_2,할머니의 연금과 물건을 훔쳐 생활하며 가난하지만 웃음이 끊이지 않는 어느 가족.우연히 길 위에서 떨고 있는 한 소녀를 발견하고 집으로 데려와 가족처럼 함께 살게 된다.그런데 뜻밖의 사건으로 가족이 뿔뿔이 흩어지게 되고 각자 품고 있던 비밀과 간절한 바람이 드러나게 되는데…,3
더 보이,9937,https://movie-phinf.pstatic.net/20190502_148/1556763101502ANbfW_JPEG/movie_image.jpg?type=m665_443_2,"슈퍼히어로의 힘을 가진 다른 세계에서 온 소년두려워하라어느 날, 간절히 아기를 원하던 부부에게 찾아온다른 세계의 소년 ‘브랜든’부모의 보살핌 속에 평범하게 자라던 중자신에게 숨겨진 강력한 힘을 깨닫게 되면서인류를 위협할 사악한 본성을 드러내기 시작하는데…그는 과연 축복인가, 재앙인가?",2
안녕 베일리,2568,https://movie-phinf.pstatic.net/20190905_154/1567669527591DgewY_JPEG/movie_image.jpg?type=m665_443_2,"프로환생견 베일리의 견생 N차 미션!우리에게 전하는 유쾌하고 가슴 뭉클한 인사!“함께라서 행복해”환생만 벌써 5번째! 도무지 끝날 줄 모르는 ‘베일리’의 삶에 새로운 미션이 생겼다?! 바로 ‘이든’의 작은 베이비 ‘씨제이’를 돌보는 것.“옆에 있어줘서 고마워”소꿉놀이도 해야 하고 위험한 곳에 들어가면 짖어서 알려줘야 하고, ‘씨제이’와 함께 해야 할 일이 너무나도 많이 남았는데 ‘씨제이’는 ‘베일리’와 ‘이든’의 곁을 떠나 도시로 향한다. 7년 후 ‘몰리’로 다시 태어난 ‘베일리’는 우여곡절 끝에 ‘씨제이’의 집으로 입양되고 ‘씨제이’가 행복할 때, 슬플 때, 외로울 때 항상 옆에 있어준다.“혼자 둬서 미안해”주유소의 ‘빅독’으로 다시 태어난 ‘베일리’. ‘씨제이’를 만나기만을 기다리지만 우연히 만나게 된 ‘씨제이’는 ‘베일리’를 알아보지 못하고 떠나버린다.“내 인생은 온통 너야. 사랑해”킁킁킁… 어디서 ‘씨제이’ 냄새 안나요? ‘맥스’로 환생한 ‘베일리’는 오직 일견단심 ‘씨제이’를 기다리던 중 유기견 입양소에서 드디어 ‘씨제이’를 다시 만나게 된다.인생은 길고 견생은 짧다는데, 저 녀석을 끝까지 지켜줄 수 있을까?",1
존 윅 3: 파라벨룸,566561,https://movie-phinf.pstatic.net/20190621_225/1561080456596qGGRl_JPEG/movie_image.jpg?type=m665_443_2,"전설이 된 킬러 ‘존 윅’ (키아누 리브스).룰을 어긴 죄로 그에게 현상금 1,400만 불이 붙고,전 세계 모든 킬러의 총구가 그를 향한다.국제암살자연맹의 파문 조치가 내려진 그는아무런 보호도 받지 못한 채 시시각각 위험에 직면하고결국, 마지막 전쟁을 위해 ‘소피아’(할리 베리)를 찾아가는데…출구는 없다! 평화를 원한다면, 전쟁을 준비하라!",8
할로윈,38771,https://movie-phinf.pstatic.net/20181002_242/1538464541134fcd6K_JPEG/movie_image.jpg?type=m665_443_2,“모든 공포는 그로부터 시작되었다”할로윈 밤의 살아 있는 공포이자 레전드로 불리는 ‘마이클 마이어스’존재만으로 모든 것을 압도하는 그가 40년 전그를 유일하게 기억하는 그녀 ‘로리 스트로드’와 다시 마주하게 되는데…,2
서치,5030,https://movie-phinf.pstatic.net/20190404_111/15543607488429eReU_PNG/movie_image.jpg?type=m665_443_2,None,3
벤 이즈 백,52764,https://movie-phinf.pstatic.net/20190415_100/1555310214303oinNN_JPEG/movie_image.jpg?type=m665_443_2,"크리스마스 파티 준비가 한창이던 ‘홀리’의 가족은약물 중독으로 인한 재활 치료를 받고 있던 ‘벤’의 예고 없는 방문으로 당황한다.반가운 마음과 함께 걱정이 앞선 ‘홀리’는 ‘벤’에게 24시간 동안 절대 떨어지지 않겠다는 약속을 받아내지만,반려견 ‘폰스’가 사라지는 등 일련의 사건들이 겹치면서가족의 일상에 균열이 생기고 갈등이 시작된다.그리고 ‘폰스’를 찾기 위해 ‘벤’과 동행하게 된 ‘홀리’는 예상치 못했던 ‘벤’의 진짜 모습을 마주하게 되는데… 끝까지 지키고 싶었던 우리의 24시간!가장 증오하고 사랑하는 내 아들, ;벤 이즈 백;",3
안나,2360029,https://movie-phinf.pstatic.net/20190708_155/1562561851044b5Nkb_JPEG/movie_image.jpg?type=m665_443_2,"; KIM ; 13min이 영상은 오직 인터넷에 떠도는 저작권이 자유로운 자료들의 모임으로만 만들어졌다. 그들이 함께 어울려져 살아가고 있는 허구의 세계와 그들이 딛고 있는 보이지 않는 층(green screen)에 대해 표현해보고자 했다. ;삼제왕풀이; 5min아들을 낳기 위한 굿을 하는 집, 효진은 엄마를 괴롭히는 굿을 저지하려고 한다.;안나; 21min외로운 유년시절을 보낸 안나에게 영화는 친구 같은 존재다. 스스로를 영화로 위로하며 살아온 안나는 영화를 볼 때마다 하고 싶은 것이 바뀐다. 복싱, 피아노, 이번엔 탭댄스다. 탭댄스 대회를 나가기 위한 10만원, 하루 종일 편의점에서 일하는 엄마를 졸라보지만 엄마의 반응은 냉담할 뿐이다. ;아버지가방에들어가신다!; 17min아버지가 식물인간이 되었다. 딸은 아버지의 기억이 담긴 로봇을 가방에 넣고 함께 다닌다. 아직은 어색한 딸과 로봇 아버지의 이야기! ;거리의 가능한 불행들; 35min오랜 시간이 흘렀다. 그리고 어떤 과거들은 쉽게 사라지지 않는다. 형제는 20년 만에 사건이 일어났던 장소로 향한다..",8
해리포터와 비밀의 방,6404,https://movie-phinf.pstatic.net/20111222_244/1324530400723IXN6V_JPEG/movie_image.jpg?type=m665_443_2,"해리 포터에겐 이번 여름방학이 별로 즐겁질 못했다. 마법이라면 질색을 하는 페투니아 이모(피오나 쇼 분)와 버논 이모부(리차드 그리피스 분)의 구박도 그렇지만, 무엇보다 속상한 건 단짝이었던 론 위즐리(루퍼트 그린트 분)와 헤르미온느 그레인저(엠마 왓슨 분)가 그 사이 자신을 까맣게 잊었는지 자신의 편지에 답장 한 통 없다는 것. 그러던 어느날 꼬마 집요정 도비가 해리의 침실에 나타나 뜻밖의 얘기를 한다. 호그와트 마법학교로 돌아가면 무서운 일을 당할 거라는 것. 도비는 해리를 학교에 못 가게 하려고 자신이 여태까지 론과 헤르미온느의 답장을 가로채 왔음을 고백한다. 그러나 도비와 더즐리 가족의 방해에도 불구, 해리는 론과 그의 형제들이 타고 온 하늘을 나는 자동차를 타고 이모집을 탈출, 따뜻한 가족애가 넘치는 론 위즐리의 집으로 간다. 개학을 앞두고 학교에 가는 날, 론과 해리는 뭔가의 방해로 9와 3/4 승강장에 못 들어가는 바람에 개학식에 지각할 위기에 처한다. 결국 하늘을 나는 자동차 포드 앵글리아를 타고 천신만고끝에 학교에 도착했으나 공교롭게도 차가 학교 선생님들이 소중히 여기는 '커다란 버드나무' 위에 불시착하는 바람에 화가 난 스네이프 교수로부터 퇴학 경고를 받게 된다. 한편 1학년 때 해리가 보여준 영웅적인 활약상은 학교 전체에 소문이 나고, 그 덕에 해리는 원치 않는 관심의 초점이 된다. 론의 여동생 지니, 사진작가 지망생 콜린 크리비 등의 신입생과 어둠의 마법 방어술을 가르치는 신임 교수 질데로이 록허트가 새롭게 해리포터의 팬이 된다. 남의 시선 끌기를 좋아하는 잘난척하는 성격 탓에 주변에서 따돌림 당하는 록허트 교수는 해리와 친해지고 싶어 안달하지만, 그 역시 학교에서 일어나는 무서운 사건에 대해 뾰족한 설명을 못해준다. 모든 이목은 해리에게 집중되고, 결국 급우들은 해리를 의심하기에 이른다. 물론 론과 헤르미온느, 그리고 수수께끼의 일기장에 마음을 뺏긴 론의 동생 지니만은 끝까지 해리를 믿는다. 자신을 믿는 친구들을 실망시킬 수는 없는 법. 해리는 -도움을 준다며 되려 걸리적 대는 록허트 교수가 다소 방해가 되긴 하지만- 어둠의 세력과 맞서 싸울 결심을 하는데..",3
폴라로이드,3571534,https://movie-phinf.pstatic.net/20190524_107/15586796499287JYal_JPEG/movie_image.jpg?type=m665_443_2,"카메라의 주인만이 죽음의 순서를 정한다!친구들과의 코스튬 파티에서 오래된 폴라로이드 카메라로 인증사진을 찍어주게 된 고등학생 ‘버드’.그날 이후, 친구들이 순서대로 끔찍한 죽음을 맞이하게 되고 자신이 죽음을 결정하는 카메라의 주인임을 알게 되는데…",2
미쓰백,1455029,https://movie-phinf.pstatic.net/20181011_124/15392221324972UPeA_JPEG/movie_image.jpg?type=m665_443_2,"“아무리 열심히 살아도 매 순간 날 배신하는 게 인생이야”스스로를 지키려다 어린 나이에 전과자가 되어 외롭게 살아가던 ‘백상아’누구도 믿지 않고 아무것도 마음에 두지 않던 어느 날나이에 비해 작고 깡마른 몸, 홑겹 옷을 입은 채가혹한 현실에서 탈출하려는 아이 ‘지은’을 만나게 된다.왠지 자신과 닮은 듯한 아이 ‘지은’을 외면할 수 없는 ‘상아’는‘지은’을 구하기 위해 세상과 맞서기로 결심하는데…“이런 나라도, 같이 갈래?”",3
미성년,607850,https://movie-phinf.pstatic.net/20190411_137/1554973943268Tu8fN_JPEG/movie_image.jpg?type=m665_443_2,"""알아?""""어떻게 모르냐. 배가 불러오는데...""같은 학교 2학년 주리(김혜준)와 윤아(박세진)가 학교 옥상에서 만났다. 최근 주리의 아빠 대원(김윤석)과 윤아의 엄마 미희(김소진) 사이에 벌어진 일을 알게 된 두 사람.이 상황이 커지는 것을 막고 싶은 주리는 어떻게든 엄마 영주(염정아) 몰래 수습해보려 하지만윤아는 어른들 일에는 관심 없다며 엮이지 않으려 한다. 그 때, 떨어진 주리의 핸드폰을 뺏어든 윤아는 영주의 전화를 받아 그 동안 감춰왔던 엄청난 비밀을 폭로해 버리고, 이를 본 주리는 멘붕에 빠지게 되는데… 폭풍 같은 사건을 마주한 두 가족의 이야기가 시작된다.",3
